timestamp,open,high,low,close
2020-11-24 00:00:00,-171.5,-139.0,-185.0,-165.5
2020-11-24 00:01:00,-165.5,-153.0,-174.0,-163.0
2020-11-24 00:02:00,-163.5,-156.0,-175.5,-161.5
2020-11-24 00:03:00,-161.5,-158.0,-177.0,-160.0
2020-11-24 00:04:00,-161.5,-157.5,-171.5,-163.0
2020-11-24 00:05:00,-163.0,-155.0,-172.0,-166.5
2020-11-24 00:06:00,-165.5,-157.5,-174.5,-165.0
2020-11-24 00:07:00,-165.0,-159.0,-176.5,-165.0
2020-11-24 00:08:00,-169.5,-158.5,-175.0,-166.5
2020-11-24 00:09:00,-164.5,-159.5,-175.0,-173.0
2020-11-24 00:10:00,-173.0,-160.5,-174.0,-160.5
2020-11-24 00:11:00,-161.5,-158.5,-178.0,-162.0
2020-11-24 00:12:00,-161.0,-159.5,-172.5,-170.0
2020-11-24 00:13:00,-170.0,-165.5,-184.0,-172.5
2020-11-24 00:14:00,-172.5,-160.5,-178.5,-168.5
2020-11-24 00:15:00,-173.5,-163.5,-184.0,-176.0
2020-11-24 00:16:00,-169.0,-165.5,-182.5,-166.5
2020-11-24 00:17:00,-166.5,-157.0,-171.0,-164.5
2020-11-24 00:18:00,-164.5,-156.5,-169.0,-163.5
2020-11-24 00:19:00,-163.5,-151.0,-178.0,-164.5
2020-11-24 00:20:00,-165.5,-161.0,-182.5,-177.5
2020-11-24 00:21:00,-177.5,-170.5,-183.5,-178.0
2020-11-24 00:22:00,-178.0,-167.5,-190.0,-176.5
2020-11-24 00:23:00,-176.5,-168.5,-181.5,-177.5
2020-11-24 00:24:00,-176.5,-166.0,-184.5,-170.0
2020-11-24 00:25:00,-170.0,-161.0,-177.0,-170.5
2020-11-24 00:26:00,-170.5,-158.5,-171.5,-165.5
2020-11-24 00:27:00,-165.5,-156.0,-171.5,-162.0
2020-11-24 00:28:00,-162.0,-150.5,-166.0,-162.0
2020-11-24 00:29:00,-164.5,-151.5,-167.0,-157.0
2020-11-24 00:30:00,-158.5,-147.5,-166.5,-153.0
2020-11-24 00:31:00,-153.0,-143.5,-161.5,-150.5
2020-11-24 00:32:00,-151.5,-143.5,-163.0,-144.5
2020-11-24 00:33:00,-144.5,-135.0,-158.5,-153.5
2020-11-24 00:34:00,-152.5,-145.0,-160.5,-149.5
2020-11-24 00:35:00,-149.5,-130.5,-159.5,-142.0
2020-11-24 00:36:00,-142.0,-140.0,-156.5,-155.5
2020-11-24 00:37:00,-155.5,-148.0,-160.0,-155.5
2020-11-24 00:38:00,-153.0,-151.0,-165.5,-157.5
2020-11-24 00:39:00,-154.0,-149.5,-171.0,-171.0
2020-11-24 00:40:00,-166.0,-154.5,-168.5,-163.5
2020-11-24 00:41:00,-163.5,-155.0,-168.5,-162.0
2020-11-24 00:42:00,-160.5,-151.5,-169.5,-162.5
2020-11-24 00:43:00,-162.5,-155.5,-174.0,-164.0
2020-11-24 00:44:00,-164.0,-156.0,-172.0,-166.5
2020-11-24 00:45:00,-187.0,-157.5,-187.5,-162.5
2020-11-24 00:46:00,-162.5,-155.0,-171.5,-168.0
2020-11-24 00:47:00,-168.0,-160.0,-179.5,-167.5
2020-11-24 00:48:00,-167.5,-162.0,-177.0,-172.0
2020-11-24 00:49:00,-171.0,-167.5,-183.0,-170.0
2020-11-24 00:50:00,-168.0,-168.0,-185.5,-172.5
2020-11-24 00:51:00,-172.5,-168.0,-181.5,-177.5
2020-11-24 00:52:00,-177.5,-166.0,-188.5,-185.5
2020-11-24 00:53:00,-186.5,-181.0,-189.5,-182.0
2020-11-24 00:54:00,-186.5,-183.5,-191.5,-188.5
2020-11-24 00:55:00,-188.5,-179.0,-189.5,-186.0
2020-11-24 00:56:00,-186.0,-180.0,-200.0,-186.5
2020-11-24 00:57:00,-186.5,-182.0,-195.0,-182.0
2020-11-24 00:58:00,-186.0,-181.5,-198.0,-189.5
2020-11-24 00:59:00,-191.5,-175.5,-195.0,-190.0
2020-11-24 01:00:00,-190.0,-184.0,-198.0,-187.0
2020-11-24 01:01:00,-187.0,-178.5,-195.5,-184.0
2020-11-24 01:02:00,-174.0,-173.5,-195.5,-188.5
2020-11-24 01:03:00,-188.5,-181.0,-195.0,-186.0
2020-11-24 01:04:00,-184.0,-179.5,-190.0,-187.0
2020-11-24 01:05:00,-186.5,-181.0,-194.0,-191.5
2020-11-24 01:06:00,-189.0,-178.0,-194.5,-189.5
2020-11-24 01:07:00,-188.0,-183.5,-193.0,-191.0
2020-11-24 01:08:00,-192.5,-184.5,-197.5,-190.0
2020-11-24 01:09:00,-189.0,-185.5,-198.5,-191.5
2020-11-24 01:10:00,-194.5,-186.5,-197.5,-189.5
2020-11-24 01:11:00,-189.5,-185.5,-195.0,-187.0
2020-11-24 01:12:00,-189.0,-186.5,-199.5,-187.5
2020-11-24 01:13:00,-187.5,-186.0,-198.5,-198.5
2020-11-24 01:14:00,-198.5,-189.5,-198.5,-193.5
2020-11-24 01:15:00,-193.5,-188.5,-196.5,-194.5
2020-11-24 01:16:00,-194.5,-186.0,-198.5,-189.5
2020-11-24 01:17:00,-189.5,-183.5,-196.0,-195.5
2020-11-24 01:18:00,-193.0,-187.0,-198.5,-195.0
2020-11-24 01:19:00,-195.0,-186.5,-200.0,-194.5
2020-11-24 01:20:00,-194.5,-184.5,-197.0,-194.5
2020-11-24 01:21:00,-194.5,-181.5,-194.5,-183.5
2020-11-24 01:22:00,-166.5,-166.5,-190.5,-184.5
2020-11-24 01:23:00,-186.5,-183.0,-201.0,-189.5
2020-11-24 01:24:00,-190.5,-185.0,-195.5,-189.0
2020-11-24 01:25:00,-189.0,-185.0,-197.0,-191.0
2020-11-24 01:26:00,-190.0,-187.0,-197.5,-190.5
2020-11-24 01:27:00,-191.5,-184.0,-195.5,-193.5
2020-11-24 01:28:00,-193.5,-183.5,-195.5,-190.5
2020-11-24 01:29:00,-190.5,-188.5,-204.0,-195.5
2020-11-24 01:30:00,-195.5,-194.0,-215.5,-212.0
2020-11-24 01:31:00,-212.0,-203.0,-220.5,-210.0
2020-11-24 01:32:00,-210.0,-198.5,-216.5,-208.5
2020-11-24 01:33:00,-203.0,-202.5,-216.5,-209.5
2020-11-24 01:34:00,-211.5,-199.5,-212.0,-204.0
2020-11-24 01:35:00,-206.0,-200.0,-213.5,-213.5
2020-11-24 01:36:00,-213.5,-211.5,-219.0,-211.5
2020-11-24 01:37:00,-211.5,-204.0,-222.5,-207.5
2020-11-24 01:38:00,-207.5,-200.0,-213.0,-209.5
2020-11-24 01:39:00,-209.5,-201.0,-212.5,-208.0
2020-11-24 01:40:00,-208.5,-199.0,-211.5,-204.5
2020-11-24 01:41:00,-204.5,-196.5,-208.5,-202.0
2020-11-24 01:42:00,-202.0,-198.5,-210.0,-206.0
2020-11-24 01:43:00,-206.0,-195.0,-206.0,-196.5
2020-11-24 01:44:00,-196.5,-188.5,-202.5,-195.0
2020-11-24 01:45:00,-194.0,-188.5,-202.5,-200.5
2020-11-24 01:46:00,-200.5,-194.5,-203.5,-197.5
2020-11-24 01:47:00,-196.5,-191.5,-200.5,-197.5
2020-11-24 01:48:00,-197.5,-190.0,-200.5,-191.0
2020-11-24 01:49:00,-189.5,-189.5,-201.0,-198.0
2020-11-24 01:50:00,-200.5,-193.0,-202.5,-200.0
2020-11-24 01:51:00,-198.5,-196.5,-205.0,-202.0
2020-11-24 01:52:00,-199.0,-195.0,-204.5,-201.5
2020-11-24 01:53:00,-201.5,-194.0,-203.5,-194.5
2020-11-24 01:54:00,-195.5,-190.0,-202.5,-193.5
2020-11-24 01:55:00,-193.5,-191.5,-201.0,-197.0
2020-11-24 01:56:00,-197.0,-189.0,-202.0,-195.5
2020-11-24 01:57:00,-194.5,-192.0,-199.0,-195.5
2020-11-24 01:58:00,-195.5,-194.0,-198.5,-198.5
2020-11-24 01:59:00,,,,
2020-11-24 02:00:00,,,,
2020-11-24 02:01:00,-193.5,-192.5,-205.0,-194.5
2020-11-24 02:02:00,-197.5,-187.0,-202.5,-198.0
2020-11-24 02:03:00,-199.5,-190.0,-203.5,-198.5
2020-11-24 02:04:00,-195.5,-189.5,-206.0,-192.5
2020-11-24 02:05:00,-192.5,-187.5,-198.5,-190.5
2020-11-24 02:06:00,-190.5,-187.0,-200.5,-194.5
2020-11-24 02:07:00,-194.5,-187.5,-203.0,-192.5
2020-11-24 02:08:00,-194.5,-187.5,-207.5,-205.0
2020-11-24 02:09:00,-197.5,-189.5,-198.0,-192.5
2020-11-24 02:10:00,-188.5,-188.5,-199.0,-198.0
2020-11-24 02:11:00,-216.0,-190.5,-216.0,-195.5
2020-11-24 02:12:00,-195.0,-190.5,-200.5,-192.5
2020-11-24 02:13:00,-193.5,-186.0,-208.5,-200.0
2020-11-24 02:14:00,-200.0,-191.5,-205.5,-196.0
2020-11-24 02:15:00,-192.0,-189.5,-201.5,-196.0
2020-11-24 02:16:00,-199.5,-196.5,-204.5,-200.5
2020-11-24 02:17:00,-200.5,-194.0,-205.5,-200.0
2020-11-24 02:18:00,-200.0,-190.0,-200.5,-193.5
2020-11-24 02:19:00,-196.5,-188.0,-200.5,-193.0
2020-11-24 02:20:00,-193.0,-187.0,-201.5,-193.5
2020-11-24 02:21:00,-193.5,-186.5,-195.0,-190.0
2020-11-24 02:22:00,-192.5,-187.0,-199.5,-198.0
2020-11-24 02:23:00,-198.5,-190.0,-200.0,-196.5
2020-11-24 02:24:00,-196.5,-189.0,-203.0,-196.5
2020-11-24 02:25:00,-196.5,-189.0,-201.5,-195.0
2020-11-24 02:26:00,-195.0,-188.5,-200.5,-198.0
2020-11-24 02:27:00,-198.0,-186.5,-200.0,-196.5
2020-11-24 02:28:00,-196.5,-190.5,-202.5,-199.0
2020-11-24 02:29:00,-195.0,-191.5,-202.0,-195.0
2020-11-24 02:30:00,-195.0,-193.0,-203.0,-198.5
2020-11-24 02:31:00,-200.5,-194.0,-205.0,-195.5
2020-11-24 02:32:00,-195.5,-194.5,-206.5,-200.5
2020-11-24 02:33:00,-200.5,-198.5,-208.0,-204.5
2020-11-24 02:34:00,-203.5,-200.5,-210.5,-209.5
2020-11-24 02:35:00,-205.5,-205.5,-219.0,-210.5
2020-11-24 02:36:00,-210.5,-208.0,-221.0,-211.5
2020-11-24 02:37:00,-211.5,-209.0,-217.0,-210.0
2020-11-24 02:38:00,-214.5,-203.5,-218.0,-213.5
2020-11-24 02:39:00,-213.5,-206.5,-218.0,-208.5
2020-11-24 02:40:00,-213.0,-212.5,-216.5,-214.5
2020-11-24 02:41:00,-214.5,-208.5,-217.5,-214.5
2020-11-24 02:42:00,-215.0,-208.5,-218.5,-217.5
2020-11-24 02:43:00,-217.5,-209.5,-226.5,-213.5
2020-11-24 02:44:00,-213.5,-211.0,-221.5,-217.5
2020-11-24 02:45:00,-217.5,-210.0,-218.5,-213.0
2020-11-24 02:46:00,-213.0,-212.5,-222.5,-216.0
2020-11-24 02:47:00,,,,
2020-11-24 02:48:00,-217.5,-209.5,-221.5,-216.0
2020-11-24 02:49:00,-218.0,-211.0,-222.0,-216.5
2020-11-24 02:50:00,-214.0,-209.0,-215.0,-211.5
2020-11-24 02:51:00,-211.5,-211.5,-223.5,-220.5
2020-11-24 02:52:00,-220.5,-191.0,-224.0,-216.5
2020-11-24 02:53:00,-216.5,-210.5,-222.5,-221.0
2020-11-24 02:54:00,-220.0,-209.5,-222.0,-213.0
2020-11-24 02:55:00,-213.0,-211.0,-222.5,-214.5
2020-11-24 02:56:00,-214.5,-212.5,-221.0,-216.0
2020-11-24 02:57:00,-215.5,-207.5,-219.0,-213.5
2020-11-24 02:58:00,-213.5,-210.5,-218.0,-216.0
2020-11-24 02:59:00,-212.5,-207.0,-219.5,-208.5
2020-11-24 03:00:00,-209.5,-203.5,-219.5,-219.0
2020-11-24 03:01:00,-219.0,-206.5,-221.0,-206.5
2020-11-24 03:02:00,-206.5,-206.5,-218.0,-207.5
2020-11-24 03:03:00,-207.5,-205.0,-218.0,-212.5
2020-11-24 03:04:00,-212.5,-202.5,-216.5,-208.0
2020-11-24 03:05:00,-206.0,-201.0,-213.5,-211.0
2020-11-24 03:06:00,-206.5,-205.5,-212.0,-207.5
2020-11-24 03:07:00,-207.5,-201.0,-215.0,-210.5
2020-11-24 03:08:00,-208.5,-202.5,-215.0,-209.5
2020-11-24 03:09:00,-209.5,-203.5,-216.0,-208.0
2020-11-24 03:10:00,-208.5,-202.0,-215.5,-213.0
2020-11-24 03:11:00,-213.0,-209.0,-217.0,-215.0
2020-11-24 03:12:00,-214.5,-208.5,-217.5,-209.5
2020-11-24 03:13:00,-210.5,-207.5,-218.5,-212.5
2020-11-24 03:14:00,-210.5,-210.5,-219.5,-218.5
2020-11-24 03:15:00,-210.5,-206.5,-214.0,-213.0
2020-11-24 03:16:00,-210.5,-205.5,-215.0,-214.5
2020-11-24 03:17:00,-212.0,-207.0,-218.5,-213.5
2020-11-24 03:18:00,-212.5,-205.5,-215.0,-205.5
2020-11-24 03:19:00,-205.5,-204.5,-211.0,-211.0
2020-11-24 03:20:00,-212.0,-206.5,-212.5,-210.0
2020-11-24 03:21:00,-211.5,-208.0,-218.0,-213.5
2020-11-24 03:22:00,-213.5,-208.5,-221.5,-216.5
2020-11-24 03:23:00,-216.5,-209.0,-218.0,-215.5
2020-11-24 03:24:00,-215.5,-208.0,-220.0,-216.0
2020-11-24 03:25:00,-216.0,-206.5,-216.5,-214.5
2020-11-24 03:26:00,-214.5,-206.0,-221.5,-214.0
2020-11-24 03:27:00,-213.0,-205.0,-216.5,-209.5
2020-11-24 03:28:00,-209.5,-203.5,-217.5,-212.5
2020-11-24 03:29:00,-212.5,-207.0,-216.5,-216.5
2020-11-24 03:30:00,-219.5,-212.5,-219.5,-212.5
2020-11-24 03:31:00,,,,
2020-11-24 03:32:00,-214.5,-207.0,-215.0,-210.5
2020-11-24 03:33:00,-210.5,-210.0,-215.0,-211.5
2020-11-24 03:34:00,-211.0,-208.0,-221.5,-211.5
2020-11-24 03:35:00,-211.5,-206.0,-214.0,-212.5
2020-11-24 03:36:00,-209.0,-201.5,-212.5,-207.5
2020-11-24 03:37:00,-207.5,-203.5,-212.5,-205.5
2020-11-24 03:38:00,-205.5,-203.5,-214.5,-208.0
2020-11-24 03:39:00,-208.0,-202.0,-214.0,-213.0
2020-11-24 03:40:00,-213.0,-205.5,-215.5,-210.5
2020-11-24 03:41:00,-209.0,-203.0,-225.5,-215.0
2020-11-24 03:42:00,-215.0,-203.5,-218.0,-210.5
2020-11-24 03:43:00,-210.5,-199.5,-214.0,-209.5
2020-11-24 03:44:00,-209.5,-202.0,-213.5,-206.5
2020-11-24 03:45:00,-206.5,-202.5,-214.5,-209.5
2020-11-24 03:46:00,-209.5,-203.5,-214.5,-207.0
2020-11-24 03:47:00,-207.0,-204.5,-211.0,-209.0
2020-11-24 03:48:00,-209.0,-207.5,-215.5,-208.5
2020-11-24 03:49:00,-210.5,-204.0,-214.0,-210.5
2020-11-24 03:50:00,-210.5,-203.0,-215.5,-205.0
2020-11-24 03:51:00,-205.5,-205.5,-215.0,-213.5
2020-11-24 03:52:00,-213.5,-208.0,-215.0,-215.0
2020-11-24 03:53:00,-215.5,-211.0,-219.0,-212.5
2020-11-24 03:54:00,-212.5,-210.5,-220.5,-213.5
2020-11-24 03:55:00,-213.5,-208.5,-219.0,-209.5
2020-11-24 03:56:00,-211.5,-208.0,-217.5,-213.5
2020-11-24 03:57:00,-213.5,-211.5,-216.5,-215.5
2020-11-24 03:58:00,-215.5,-208.0,-222.5,-211.5
2020-11-24 03:59:00,-211.5,-206.5,-220.5,-212.5
2020-11-24 04:00:00,-212.5,-206.0,-221.0,-210.5
2020-11-24 04:01:00,-212.0,-204.5,-217.0,-211.5
2020-11-24 04:02:00,-211.5,-202.0,-218.5,-216.5
2020-11-24 04:03:00,-216.5,-208.5,-222.5,-219.0
2020-11-24 04:04:00,-219.0,-211.5,-224.0,-213.5
2020-11-24 04:05:00,-213.5,-210.0,-221.0,-211.0
2020-11-24 04:06:00,-213.0,-192.0,-219.5,-208.5
2020-11-24 04:07:00,-208.5,-203.5,-218.5,-210.5
2020-11-24 04:08:00,-210.5,-205.0,-218.5,-208.0
2020-11-24 04:09:00,-208.0,-204.5,-219.0,-217.5
2020-11-24 04:10:00,-217.5,-207.0,-217.5,-214.5
2020-11-24 04:11:00,-216.5,-206.5,-216.5,-214.0
2020-11-24 04:12:00,-216.5,-206.0,-216.5,-212.0
2020-11-24 04:13:00,-212.0,-207.0,-214.0,-212.5
2020-11-24 04:14:00,-212.5,-208.5,-214.0,-212.5
2020-11-24 04:15:00,-209.0,-203.5,-212.0,-208.5
2020-11-24 04:16:00,-207.5,-205.5,-217.0,-206.5
2020-11-24 04:17:00,-210.5,-207.5,-213.0,-209.5
2020-11-24 04:18:00,-209.5,-204.5,-219.0,-214.5
2020-11-24 04:19:00,-214.5,-204.5,-215.5,-207.0
2020-11-24 04:20:00,-207.5,-207.5,-218.5,-213.0
2020-11-24 04:21:00,-213.0,-204.5,-221.5,-214.5
2020-11-24 04:22:00,-214.5,-207.5,-217.0,-210.5
2020-11-24 04:23:00,-212.5,-207.0,-216.5,-213.0
2020-11-24 04:24:00,-213.0,-205.0,-214.5,-212.5
2020-11-24 04:25:00,-210.5,-204.5,-212.5,-208.0
2020-11-24 04:26:00,-208.0,-204.0,-216.0,-206.0
2020-11-24 04:27:00,-207.5,-202.5,-211.0,-204.5
2020-11-24 04:28:00,-204.0,-204.0,-213.0,-209.0
2020-11-24 04:29:00,-209.0,-203.5,-213.5,-204.5
2020-11-24 04:30:00,-204.5,-204.0,-215.0,-204.5
2020-11-24 04:31:00,-205.5,-202.0,-213.0,-209.5
2020-11-24 04:32:00,-205.0,-203.5,-213.0,-210.5
2020-11-24 04:33:00,-210.5,-205.0,-217.0,-211.5
2020-11-24 04:34:00,-211.5,-203.5,-215.5,-215.5
2020-11-24 04:35:00,-215.5,-202.0,-215.5,-206.5
2020-11-24 04:36:00,-206.5,-202.5,-211.5,-210.0
2020-11-24 04:37:00,-210.0,-205.0,-213.5,-208.5
2020-11-24 04:38:00,-208.5,-202.0,-213.0,-204.0
2020-11-24 04:39:00,-206.0,-200.0,-212.5,-210.5
2020-11-24 04:40:00,-210.5,-205.0,-214.5,-214.5
2020-11-24 04:41:00,-212.5,-203.0,-213.0,-204.5
2020-11-24 04:42:00,-204.5,-202.5,-207.0,-204.0
2020-11-24 04:43:00,-204.0,-204.0,-213.0,-205.5
2020-11-24 04:44:00,-205.5,-205.5,-211.5,-208.5
2020-11-24 04:45:00,-208.5,-200.5,-211.0,-205.0
2020-11-24 04:46:00,-205.0,-202.5,-209.5,-207.5
2020-11-24 04:47:00,-209.0,-207.0,-213.5,-209.5
2020-11-24 04:48:00,-209.5,-200.5,-211.0,-203.0
2020-11-24 04:49:00,-204.0,-199.5,-208.0,-201.5
2020-11-24 04:50:00,-208.0,-205.0,-214.5,-210.5
2020-11-24 04:51:00,,,,
2020-11-24 04:52:00,-207.0,-197.5,-210.5,-204.0
2020-11-24 04:53:00,-196.0,-196.0,-211.0,-207.0
2020-11-24 04:54:00,-207.0,-200.5,-212.0,-205.0
2020-11-24 04:55:00,-204.5,-201.5,-212.5,-205.5
2020-11-24 04:56:00,-205.5,-202.0,-212.5,-209.5
2020-11-24 04:57:00,-206.5,-202.0,-211.0,-205.0
2020-11-24 04:58:00,-203.5,-203.0,-212.5,-205.5
2020-11-24 04:59:00,-208.0,-203.5,-209.5,-203.5
2020-11-24 05:00:00,-203.5,-202.5,-211.5,-204.0
2020-11-24 05:01:00,-204.0,-198.5,-211.5,-202.5
2020-11-24 05:02:00,-206.0,-198.0,-208.5,-200.5
2020-11-24 05:03:00,-200.5,-197.5,-208.5,-208.5
2020-11-24 05:04:00,-208.5,-203.5,-216.0,-211.0
2020-11-24 05:05:00,-211.0,-200.0,-211.5,-201.0
2020-11-24 05:06:00,-201.0,-193.0,-208.5,-200.5
2020-11-24 05:07:00,-200.5,-191.0,-209.5,-201.0
2020-11-24 05:08:00,-201.0,-195.0,-206.0,-203.0
2020-11-24 05:09:00,-203.0,-195.0,-206.0,-201.0
2020-11-24 05:10:00,-202.5,-195.5,-209.0,-204.5
2020-11-24 05:11:00,-204.5,-201.5,-213.0,-206.0
2020-11-24 05:12:00,-206.0,-203.5,-214.5,-206.5
2020-11-24 05:13:00,-205.5,-202.5,-213.0,-208.5
2020-11-24 05:14:00,-208.5,-203.5,-214.5,-207.5
2020-11-24 05:15:00,-209.0,-201.5,-211.5,-208.0
2020-11-24 05:16:00,-208.0,-202.5,-213.0,-205.5
2020-11-24 05:17:00,-205.5,-202.0,-211.5,-208.0
2020-11-24 05:18:00,-208.0,-201.5,-213.0,-207.0
2020-11-24 05:19:00,-207.0,-202.0,-213.0,-210.5
2020-11-24 05:20:00,-208.5,-204.0,-212.5,-206.5
2020-11-24 05:21:00,-206.5,-205.0,-213.0,-209.5
2020-11-24 05:22:00,-209.5,-200.0,-211.5,-204.5
2020-11-24 05:23:00,-204.5,-199.0,-211.0,-205.0
2020-11-24 05:24:00,-205.0,-200.5,-213.0,-206.5
2020-11-24 05:25:00,-208.5,-204.0,-214.5,-212.0
2020-11-24 05:26:00,-212.0,-205.5,-214.5,-208.0
2020-11-24 05:27:00,-208.0,-203.0,-213.0,-206.0
2020-11-24 05:28:00,-206.0,-204.0,-210.0,-207.5
2020-11-24 05:29:00,-207.5,-202.5,-213.5,-207.5
2020-11-24 05:30:00,-207.5,-204.5,-213.5,-207.0
2020-11-24 05:31:00,-210.5,-208.5,-218.5,-216.5
2020-11-24 05:32:00,-217.5,-217.5,-219.5,-219.5
2020-11-24 05:33:00,-219.5,-206.0,-221.5,-212.5
2020-11-24 05:34:00,-212.5,-209.5,-213.5,-211.5
2020-11-24 05:35:00,-215.0,-209.0,-215.0,-211.5
2020-11-24 05:36:00,,,,
2020-11-24 05:37:00,-209.5,-205.0,-217.0,-214.5
2020-11-24 05:38:00,-215.0,-209.5,-225.0,-214.0
2020-11-24 05:39:00,-215.0,-206.5,-220.0,-213.0
2020-11-24 05:40:00,-214.0,-211.0,-223.5,-216.5
2020-11-24 05:41:00,-216.5,-208.0,-219.0,-211.5
2020-11-24 05:42:00,-212.0,-204.0,-216.5,-212.0
2020-11-24 05:43:00,-212.0,-209.0,-228.0,-213.5
2020-11-24 05:44:00,-215.5,-207.5,-219.5,-212.5
2020-11-24 05:45:00,-212.5,-207.5,-220.0,-216.5
2020-11-24 05:46:00,-214.5,-209.0,-216.0,-213.5
2020-11-24 05:47:00,-213.5,-211.0,-223.5,-217.0
2020-11-24 05:48:00,-215.0,-210.5,-222.0,-215.0
2020-11-24 05:49:00,-216.0,-211.5,-220.0,-216.0
2020-11-24 05:50:00,-216.0,-211.0,-220.5,-215.5
2020-11-24 05:51:00,-215.5,-211.5,-220.0,-220.0
2020-11-24 05:52:00,-220.0,-209.0,-221.5,-219.5
2020-11-24 05:53:00,-217.5,-211.0,-220.5,-215.5
2020-11-24 05:54:00,-212.5,-209.5,-215.5,-215.0
2020-11-24 05:55:00,-213.5,-209.5,-219.0,-215.0
2020-11-24 05:56:00,-215.0,-210.0,-222.5,-216.5
2020-11-24 05:57:00,-217.0,-214.5,-219.5,-216.5
2020-11-24 05:58:00,-216.5,-205.5,-218.5,-211.0
2020-11-24 05:59:00,-211.0,-207.5,-213.0,-211.5
2020-11-24 06:00:00,,,,
2020-11-24 06:01:00,,,,
2020-11-24 06:02:00,-197.5,-197.5,-207.5,-204.5
2020-11-24 06:03:00,-204.5,-203.0,-210.0,-205.5
2020-11-24 06:04:00,-205.5,-201.0,-215.5,-211.5
2020-11-24 06:05:00,,,,
2020-11-24 06:06:00,-213.5,-213.5,-214.5,-214.5
2020-11-24 06:07:00,-212.0,-212.0,-212.5,-212.5
2020-11-24 06:08:00,-212.5,-212.5,-215.0,-214.5
2020-11-24 06:09:00,,,,
2020-11-24 06:10:00,,,,
2020-11-24 06:11:00,-208.5,-204.5,-210.5,-207.5
2020-11-24 06:12:00,-204.0,-203.5,-204.5,-203.5
2020-11-24 06:13:00,-205.5,-197.5,-205.5,-204.0
2020-11-24 06:14:00,-202.5,-200.0,-202.5,-200.5
2020-11-24 06:15:00,-200.0,-194.0,-209.0,-206.0
2020-11-24 06:16:00,-206.0,-203.5,-210.0,-207.5
2020-11-24 06:17:00,,,,
2020-11-24 06:18:00,,,,
2020-11-24 06:19:00,-209.0,-208.0,-209.0,-208.0
2020-11-24 06:20:00,-208.0,-206.5,-211.0,-210.0
2020-11-24 06:21:00,-213.5,-208.0,-215.0,-211.0
2020-11-24 06:22:00,-211.5,-211.5,-212.0,-211.5
2020-11-24 06:23:00,-206.5,-200.5,-210.0,-207.0
2020-11-24 06:24:00,-207.0,-205.0,-212.5,-209.5
2020-11-24 06:25:00,-206.5,-197.5,-206.5,-200.5
2020-11-24 06:26:00,-200.5,-194.5,-201.0,-199.5
2020-11-24 06:27:00,-204.5,-201.5,-206.5,-204.5
2020-11-24 06:28:00,-204.5,-200.0,-204.5,-202.5
2020-11-24 06:29:00,,,,
2020-11-24 06:30:00,-202.5,-202.5,-204.0,-203.0
2020-11-24 06:31:00,,,,
2020-11-24 06:32:00,-205.5,-203.0,-215.0,-215.0
2020-11-24 06:33:00,-213.5,-211.0,-217.0,-211.0
2020-11-24 06:34:00,-211.0,-210.0,-218.5,-214.0
2020-11-24 06:35:00,-209.5,-208.5,-214.0,-213.5
2020-11-24 06:36:00,,,,
2020-11-24 06:37:00,-200.5,-196.5,-200.5,-197.5
2020-11-24 06:38:00,-197.5,-196.5,-206.5,-205.5
2020-11-24 06:39:00,-205.5,-205.5,-211.5,-206.5
2020-11-24 06:40:00,-211.5,-210.0,-215.0,-211.0
2020-11-24 06:41:00,-211.5,-204.0,-214.5,-211.5
2020-11-24 06:42:00,-213.0,-212.0,-224.5,-223.0
2020-11-24 06:43:00,-224.5,-214.0,-226.0,-222.0
2020-11-24 06:44:00,-221.5,-213.5,-223.5,-218.0
2020-11-24 06:45:00,-218.5,-218.5,-224.5,-222.0
2020-11-24 06:46:00,-223.0,-212.0,-226.0,-216.0
2020-11-24 06:47:00,-213.5,-213.0,-219.5,-214.5
2020-11-24 06:48:00,-214.5,-206.5,-216.5,-214.5
2020-11-24 06:49:00,-214.5,-214.0,-216.5,-214.0
2020-11-24 06:50:00,-218.0,-213.5,-218.5,-218.5
2020-11-24 06:51:00,-218.5,-216.0,-218.5,-216.0
2020-11-24 06:52:00,-217.0,-211.5,-217.0,-211.5
2020-11-24 06:53:00,-211.5,-208.0,-218.0,-210.0
2020-11-24 06:54:00,-213.5,-213.5,-226.5,-226.5
2020-11-24 06:55:00,-232.0,-215.5,-232.0,-216.5
2020-11-24 06:56:00,-217.5,-216.5,-220.0,-218.0
2020-11-24 06:57:00,-217.5,-208.0,-220.5,-211.0
2020-11-24 06:58:00,-211.0,-204.0,-212.5,-208.5
2020-11-24 06:59:00,-212.5,-212.5,-214.5,-214.5
2020-11-24 07:00:00,-214.5,-213.5,-221.0,-219.0
2020-11-24 07:01:00,-218.5,-211.0,-220.0,-216.0
2020-11-24 07:02:00,-216.0,-199.5,-217.5,-199.5
2020-11-24 07:03:00,-203.0,-201.5,-215.5,-212.0
2020-11-24 07:04:00,-212.0,-204.5,-215.5,-210.0
2020-11-24 07:05:00,-210.0,-201.5,-212.5,-203.5
2020-11-24 07:06:00,-208.0,-197.0,-216.5,-206.0
2020-11-24 07:07:00,-203.5,-198.0,-212.5,-205.5
2020-11-24 07:08:00,-205.5,-197.0,-211.5,-208.5
2020-11-24 07:09:00,-208.5,-201.5,-215.0,-210.0
2020-11-24 07:10:00,-211.0,-198.0,-216.0,-202.5
2020-11-24 07:11:00,-204.5,-196.0,-212.0,-204.5
2020-11-24 07:12:00,-204.5,-196.0,-225.5,-201.5
2020-11-24 07:13:00,-201.5,-198.5,-214.5,-206.5
2020-11-24 07:14:00,-207.5,-201.5,-216.0,-206.5
2020-11-24 07:15:00,-206.5,-203.0,-215.5,-210.0
2020-11-24 07:16:00,-210.5,-198.0,-214.5,-206.5
2020-11-24 07:17:00,-207.5,-201.5,-218.5,-208.0
2020-11-24 07:18:00,-208.0,-203.5,-218.0,-209.5
2020-11-24 07:19:00,-209.5,-198.0,-222.5,-215.5
2020-11-24 07:20:00,-215.5,-209.5,-223.5,-222.5
2020-11-24 07:21:00,-222.5,-210.5,-224.5,-217.0
2020-11-24 07:22:00,-219.5,-212.0,-221.0,-215.5
2020-11-24 07:23:00,-210.5,-207.5,-220.0,-211.5
2020-11-24 07:24:00,-211.5,-208.0,-220.5,-219.0
2020-11-24 07:25:00,-219.0,-211.5,-226.5,-225.5
2020-11-24 07:26:00,-227.0,-213.5,-229.5,-219.5
2020-11-24 07:27:00,-219.5,-211.5,-227.5,-225.5
2020-11-24 07:28:00,-225.5,-219.5,-228.5,-224.5
2020-11-24 07:29:00,-225.0,-224.5,-231.5,-229.5
2020-11-24 07:30:00,-228.5,-217.0,-230.0,-218.5
2020-11-24 07:31:00,-218.5,-215.5,-229.0,-219.0
2020-11-24 07:32:00,-219.0,-215.5,-229.5,-229.5
2020-11-24 07:33:00,-227.5,-215.5,-230.5,-224.5
2020-11-24 07:34:00,-224.5,-213.5,-226.5,-216.0
2020-11-24 07:35:00,-215.5,-210.0,-221.0,-216.5
2020-11-24 07:36:00,-216.5,-210.0,-220.5,-220.5
2020-11-24 07:37:00,-220.5,-209.5,-221.5,-215.0
2020-11-24 07:38:00,-215.0,-205.5,-218.0,-212.5
2020-11-24 07:39:00,-212.5,-208.5,-223.0,-222.0
2020-11-24 07:40:00,-222.0,-213.5,-227.0,-220.5
2020-11-24 07:41:00,-220.0,-211.0,-225.0,-217.0
2020-11-24 07:42:00,-217.0,-212.5,-225.0,-223.0
2020-11-24 07:43:00,-223.0,-215.0,-227.0,-217.5
2020-11-24 07:44:00,-217.5,-211.5,-221.5,-214.5
2020-11-24 07:45:00,-212.5,-205.5,-221.0,-218.5
2020-11-24 07:46:00,-218.5,-208.5,-234.0,-218.0
2020-11-24 07:47:00,-218.0,-211.5,-222.0,-221.5
2020-11-24 07:48:00,-221.5,-214.5,-222.5,-217.5
2020-11-24 07:49:00,-220.0,-214.5,-227.0,-217.5
2020-11-24 07:50:00,-218.5,-218.5,-228.0,-222.0
2020-11-24 07:51:00,-222.0,-218.0,-229.0,-222.0
2020-11-24 07:52:00,-221.0,-219.0,-227.0,-226.0
2020-11-24 07:53:00,-226.0,-217.0,-228.5,-217.5
2020-11-24 07:54:00,-217.5,-217.5,-228.5,-222.5
2020-11-24 07:55:00,-222.5,-219.5,-227.5,-222.0
2020-11-24 07:56:00,-222.5,-219.0,-231.0,-220.5
2020-11-24 07:57:00,-220.5,-218.5,-229.5,-228.0
2020-11-24 07:58:00,-227.5,-219.5,-230.0,-228.0
2020-11-24 07:59:00,-228.0,-220.5,-231.0,-225.5
2020-11-24 08:00:00,-225.5,-219.0,-237.5,-232.0
2020-11-24 08:01:00,-229.5,-219.0,-237.5,-224.0
2020-11-24 08:02:00,-224.0,-216.0,-231.5,-225.5
2020-11-24 08:03:00,-226.5,-212.5,-228.5,-218.5
2020-11-24 08:04:00,-218.5,-207.0,-222.5,-210.5
2020-11-24 08:05:00,-210.5,-209.0,-222.5,-215.5
2020-11-24 08:06:00,-215.5,-199.0,-217.5,-214.5
2020-11-24 08:07:00,-214.5,-203.0,-221.0,-211.0
2020-11-24 08:08:00,-211.0,-203.5,-220.5,-208.5
2020-11-24 08:09:00,-209.0,-201.0,-216.5,-206.5
2020-11-24 08:10:00,-206.5,-206.5,-216.5,-208.5
2020-11-24 08:11:00,-209.5,-208.0,-219.5,-214.5
2020-11-24 08:12:00,-212.5,-205.5,-218.0,-214.0
2020-11-24 08:13:00,-214.0,-203.5,-218.5,-214.5
2020-11-24 08:14:00,-213.5,-206.5,-219.0,-213.5
2020-11-24 08:15:00,-214.0,-205.0,-220.5,-218.0
2020-11-24 08:16:00,-218.0,-212.5,-225.5,-225.5
2020-11-24 08:17:00,-227.0,-214.5,-227.0,-217.5
2020-11-24 08:18:00,-225.0,-215.0,-225.0,-219.5
2020-11-24 08:19:00,-220.5,-217.0,-223.5,-220.5
2020-11-24 08:20:00,-220.5,-212.5,-224.0,-217.0
2020-11-24 08:21:00,-221.0,-209.5,-223.5,-215.5
2020-11-24 08:22:00,-215.5,-206.5,-220.5,-218.0
2020-11-24 08:23:00,-218.0,-206.5,-221.5,-212.5
2020-11-24 08:24:00,-212.5,-207.5,-220.5,-211.5
2020-11-24 08:25:00,-211.5,-205.5,-223.0,-217.5
2020-11-24 08:26:00,-217.5,-201.5,-222.0,-212.5
2020-11-24 08:27:00,-212.5,-200.5,-222.5,-211.0
2020-11-24 08:28:00,-212.5,-196.0,-216.5,-209.0
2020-11-24 08:29:00,-209.0,-201.5,-210.5,-206.5
2020-11-24 08:30:00,-207.5,-198.5,-215.0,-211.0
2020-11-24 08:31:00,-212.5,-204.5,-221.0,-214.5
2020-11-24 08:32:00,-216.5,-216.0,-228.5,-226.5
2020-11-24 08:33:00,-226.5,-211.5,-229.0,-220.5
2020-11-24 08:34:00,-223.0,-213.5,-228.0,-221.0
2020-11-24 08:35:00,-220.5,-218.5,-231.5,-225.5
2020-11-24 08:36:00,-225.5,-219.0,-232.0,-226.5
2020-11-24 08:37:00,-226.5,-223.5,-233.0,-226.0
2020-11-24 08:38:00,-226.0,-220.5,-231.5,-228.5
2020-11-24 08:39:00,-227.0,-221.5,-231.5,-221.5
2020-11-24 08:40:00,-221.5,-219.5,-230.0,-227.0
2020-11-24 08:41:00,-227.0,-222.5,-233.0,-222.5
2020-11-24 08:42:00,-222.5,-221.5,-233.5,-226.0
2020-11-24 08:43:00,-226.0,-223.0,-234.5,-230.5
2020-11-24 08:44:00,-234.5,-225.0,-236.5,-231.0
2020-11-24 08:45:00,-228.5,-227.5,-238.0,-231.5
2020-11-24 08:46:00,-232.5,-227.5,-238.0,-229.0
2020-11-24 08:47:00,-229.0,-226.5,-239.0,-230.0
2020-11-24 08:48:00,-230.0,-230.0,-242.5,-240.0
2020-11-24 08:49:00,-240.0,-229.0,-242.5,-235.5
2020-11-24 08:50:00,-235.5,-230.0,-239.5,-235.0
2020-11-24 08:51:00,-235.0,-229.0,-238.5,-233.0
2020-11-24 08:52:00,-233.0,-224.0,-235.0,-226.5
2020-11-24 08:53:00,-227.0,-224.0,-234.5,-232.5
2020-11-24 08:54:00,-232.5,-221.0,-234.0,-228.5
2020-11-24 08:55:00,-226.5,-224.5,-237.0,-235.5
2020-11-24 08:56:00,-235.5,-221.5,-237.5,-223.5
2020-11-24 08:57:00,-223.5,-222.0,-235.0,-228.5
2020-11-24 08:58:00,-228.5,-218.5,-241.0,-236.0
2020-11-24 08:59:00,-234.5,-230.5,-242.5,-235.5
2020-11-24 09:00:00,-235.5,-224.5,-240.5,-231.0
2020-11-24 09:01:00,-233.5,-229.5,-240.5,-231.5
2020-11-24 09:02:00,-232.5,-229.5,-239.0,-239.0
2020-11-24 09:03:00,,,,
2020-11-24 09:04:00,,,,
2020-11-24 09:05:00,,,,
2020-11-24 09:06:00,,,,
2020-11-24 09:07:00,-310.0,-239.5,-310.0,-249.5
2020-11-24 09:08:00,-249.5,-239.5,-255.5,-241.0
2020-11-24 09:09:00,-241.0,-237.0,-251.5,-246.5
2020-11-24 09:10:00,-246.5,-246.5,-251.0,-248.0
2020-11-24 09:11:00,-251.5,-237.0,-258.0,-246.5
2020-11-24 09:12:00,-246.5,-240.5,-253.5,-245.5
2020-11-24 09:13:00,-245.5,-238.0,-250.5,-240.0
2020-11-24 09:14:00,-241.5,-236.5,-251.0,-247.5
2020-11-24 09:15:00,-247.5,-235.0,-249.5,-236.5
2020-11-24 09:16:00,-238.5,-237.5,-251.0,-248.0
2020-11-24 09:17:00,-248.5,-241.5,-254.0,-250.0
2020-11-24 09:18:00,-247.0,-242.0,-252.5,-249.5
2020-11-24 09:19:00,-249.5,-245.0,-257.0,-252.5
2020-11-24 09:20:00,-254.5,-246.5,-258.5,-247.0
2020-11-24 09:21:00,-246.5,-241.0,-257.0,-243.5
2020-11-24 09:22:00,-241.5,-240.5,-253.0,-245.5
2020-11-24 09:23:00,-245.5,-243.0,-260.5,-249.5
2020-11-24 09:24:00,-249.5,-240.0,-258.0,-246.5
2020-11-24 09:25:00,-244.0,-240.5,-261.0,-243.5
2020-11-24 09:26:00,-242.5,-238.5,-258.5,-247.0
2020-11-24 09:27:00,-246.0,-235.5,-253.5,-249.5
2020-11-24 09:28:00,-249.5,-243.0,-257.5,-245.5
2020-11-24 09:29:00,-244.0,-239.0,-258.5,-243.5
2020-11-24 09:30:00,-243.5,-240.5,-253.5,-240.5
2020-11-24 09:31:00,,,,
2020-11-24 09:32:00,-212.0,-212.0,-245.0,-238.5
2020-11-24 09:33:00,-238.5,-229.0,-246.0,-234.0
2020-11-24 09:34:00,-234.0,-230.5,-241.0,-236.0
2020-11-24 09:35:00,-236.0,-226.0,-239.5,-236.0
2020-11-24 09:36:00,-236.0,-229.0,-239.5,-233.5
2020-11-24 09:37:00,-236.5,-231.0,-242.0,-233.0
2020-11-24 09:38:00,-233.0,-229.5,-242.5,-236.0
2020-11-24 09:39:00,-238.5,-237.0,-244.5,-240.5
2020-11-24 09:40:00,-242.0,-240.0,-251.0,-245.0
2020-11-24 09:41:00,-246.5,-236.0,-248.0,-245.0
2020-11-24 09:42:00,-245.0,-237.5,-249.5,-239.5
2020-11-24 09:43:00,-237.0,-235.0,-247.5,-246.5
2020-11-24 09:44:00,-245.5,-235.0,-246.5,-245.5
2020-11-24 09:45:00,-251.0,-240.0,-251.5,-245.5
2020-11-24 09:46:00,-245.5,-237.0,-248.5,-239.5
2020-11-24 09:47:00,-239.5,-235.5,-248.5,-244.5
2020-11-24 09:48:00,-247.0,-234.5,-248.5,-236.5
2020-11-24 09:49:00,-236.5,-231.5,-242.5,-236.5
2020-11-24 09:50:00,-237.5,-232.0,-243.0,-235.5
2020-11-24 09:51:00,-235.5,-233.5,-242.0,-240.5
2020-11-24 09:52:00,-240.5,-235.0,-246.0,-240.0
2020-11-24 09:53:00,-243.0,-234.0,-246.0,-239.5
2020-11-24 09:54:00,-239.5,-233.5,-242.5,-235.5
2020-11-24 09:55:00,-235.5,-231.5,-238.5,-234.0
2020-11-24 09:56:00,-236.0,-236.0,-245.0,-239.0
2020-11-24 09:57:00,-242.0,-230.5,-242.0,-236.0
2020-11-24 09:58:00,-232.5,-230.0,-241.0,-237.0
2020-11-24 09:59:00,-238.0,-235.5,-243.0,-239.0
2020-11-24 10:00:00,-237.5,-236.0,-243.5,-241.0
2020-11-24 10:01:00,-240.5,-238.5,-245.0,-241.5
2020-11-24 10:02:00,-241.5,-230.5,-244.0,-238.5
2020-11-24 10:03:00,-235.0,-230.5,-243.0,-242.5
2020-11-24 10:04:00,-242.5,-229.5,-245.0,-233.0
2020-11-24 10:05:00,-234.0,-221.0,-242.0,-227.0
2020-11-24 10:06:00,-224.5,-219.5,-235.0,-222.5
2020-11-24 10:07:00,-222.5,-219.0,-230.0,-226.5
2020-11-24 10:08:00,-223.0,-217.5,-227.5,-221.5
2020-11-24 10:09:00,-221.5,-217.0,-227.0,-223.5
2020-11-24 10:10:00,-225.5,-218.5,-228.5,-226.0
2020-11-24 10:11:00,-226.0,-219.5,-226.5,-224.5
2020-11-24 10:12:00,-224.5,-221.0,-231.0,-226.0
2020-11-24 10:13:00,-226.0,-219.5,-228.0,-223.5
2020-11-24 10:14:00,-223.5,-218.5,-227.5,-221.0
2020-11-24 10:15:00,-221.0,-216.5,-230.0,-224.0
2020-11-24 10:16:00,-226.5,-215.5,-230.5,-225.0
2020-11-24 10:17:00,-224.5,-219.5,-228.5,-226.0
2020-11-24 10:18:00,-225.0,-221.5,-230.5,-229.0
2020-11-24 10:19:00,-232.0,-221.0,-235.0,-225.5
2020-11-24 10:20:00,-226.5,-219.5,-231.0,-226.0
2020-11-24 10:21:00,-226.0,-219.5,-233.5,-224.0
2020-11-24 10:22:00,-225.0,-219.5,-228.5,-222.0
2020-11-24 10:23:00,-222.0,-213.0,-228.0,-221.0
2020-11-24 10:24:00,-220.0,-216.5,-227.5,-223.5
2020-11-24 10:25:00,-223.5,-214.5,-226.5,-219.5
2020-11-24 10:26:00,-219.5,-217.5,-226.0,-217.5
2020-11-24 10:27:00,-225.5,-215.5,-229.0,-219.5
2020-11-24 10:28:00,-220.0,-216.0,-227.0,-220.0
2020-11-24 10:29:00,-221.5,-218.5,-228.5,-223.5
2020-11-24 10:30:00,-222.5,-216.0,-229.0,-221.5
2020-11-24 10:31:00,-221.5,-220.5,-230.5,-228.5
2020-11-24 10:32:00,-228.5,-216.0,-231.0,-216.5
2020-11-24 10:33:00,-218.5,-213.5,-227.5,-217.5
2020-11-24 10:34:00,-217.5,-213.5,-227.0,-214.5
2020-11-24 10:35:00,-215.0,-213.0,-226.5,-224.5
2020-11-24 10:36:00,-224.0,-214.0,-229.0,-223.5
2020-11-24 10:37:00,-222.5,-216.0,-226.0,-222.0
2020-11-24 10:38:00,-222.0,-210.5,-225.0,-216.5
2020-11-24 10:39:00,-217.5,-213.0,-225.5,-220.5
2020-11-24 10:40:00,-220.5,-217.0,-226.5,-218.5
2020-11-24 10:41:00,-218.5,-216.5,-225.0,-220.5
2020-11-24 10:42:00,-220.5,-215.5,-225.0,-220.5
2020-11-24 10:43:00,-220.0,-213.0,-225.5,-225.0
2020-11-24 10:44:00,-223.0,-217.5,-228.0,-220.0
2020-11-24 10:45:00,-220.0,-220.0,-228.5,-224.5
2020-11-24 10:46:00,-224.5,-221.5,-229.5,-221.5
2020-11-24 10:47:00,-221.5,-214.5,-228.5,-221.0
2020-11-24 10:48:00,-221.0,-214.5,-226.0,-221.5
2020-11-24 10:49:00,,,,
2020-11-24 10:50:00,-219.5,-214.0,-224.0,-222.0
2020-11-24 10:51:00,-222.0,-214.0,-222.5,-215.0
2020-11-24 10:52:00,-215.0,-215.0,-225.0,-216.0
2020-11-24 10:53:00,-216.0,-213.5,-222.5,-217.5
2020-11-24 10:54:00,-217.5,-216.5,-223.5,-219.5
2020-11-24 10:55:00,-222.5,-212.0,-223.5,-214.0
2020-11-24 10:56:00,-214.0,-206.0,-217.5,-212.5
2020-11-24 10:57:00,-212.5,-208.5,-217.0,-211.0
2020-11-24 10:58:00,-211.0,-207.5,-214.0,-208.0
2020-11-24 10:59:00,-208.0,-203.5,-215.0,-208.0
2020-11-24 11:00:00,-210.5,-195.5,-213.5,-198.5
2020-11-24 11:01:00,-198.5,-197.5,-211.5,-207.5
2020-11-24 11:02:00,-207.5,-202.5,-211.5,-206.0
2020-11-24 11:03:00,-206.0,-199.5,-210.0,-205.5
2020-11-24 11:04:00,-205.5,-196.0,-206.5,-202.5
2020-11-24 11:05:00,-202.0,-194.5,-210.5,-207.0
2020-11-24 11:06:00,-207.0,-200.5,-210.0,-203.5
2020-11-24 11:07:00,-203.5,-200.0,-210.5,-207.5
2020-11-24 11:08:00,-205.5,-201.5,-212.0,-210.5
2020-11-24 11:09:00,-207.5,-205.0,-210.5,-209.5
2020-11-24 11:10:00,-208.0,-200.0,-215.5,-208.0
2020-11-24 11:11:00,-207.5,-204.5,-216.5,-210.5
2020-11-24 11:12:00,-209.5,-203.5,-215.0,-208.5
2020-11-24 11:13:00,-208.5,-204.5,-213.0,-211.5
2020-11-24 11:14:00,-211.5,-207.0,-216.0,-215.5
2020-11-24 11:15:00,-215.0,-208.0,-215.5,-212.5
2020-11-24 11:16:00,-212.5,-207.0,-223.0,-219.5
2020-11-24 11:17:00,-219.5,-209.0,-223.0,-214.5
2020-11-24 11:18:00,-211.5,-209.0,-217.0,-212.0
2020-11-24 11:19:00,-212.5,-207.0,-215.5,-207.0
2020-11-24 11:20:00,-207.0,-199.5,-210.0,-205.5
2020-11-24 11:21:00,-205.5,-197.0,-209.0,-204.0
2020-11-24 11:22:00,-205.5,-201.0,-208.5,-204.5
2020-11-24 11:23:00,-205.5,-201.5,-212.5,-212.5
2020-11-24 11:24:00,-212.5,-206.5,-216.5,-213.0
2020-11-24 11:25:00,-213.0,-205.0,-216.5,-207.5
2020-11-24 11:26:00,-207.5,-202.5,-212.5,-211.0
2020-11-24 11:27:00,-211.0,-203.5,-212.5,-203.5
2020-11-24 11:28:00,-207.5,-205.0,-210.5,-207.5
2020-11-24 11:29:00,-205.5,-202.5,-214.0,-205.5
2020-11-24 11:30:00,-205.5,-199.5,-210.5,-206.5
2020-11-24 11:31:00,-206.5,-199.0,-210.0,-204.0
2020-11-24 11:32:00,-204.0,-202.0,-209.5,-203.5
2020-11-24 11:33:00,-203.0,-203.0,-210.5,-208.0
2020-11-24 11:34:00,-205.0,-202.0,-215.0,-205.5
2020-11-24 11:35:00,-205.5,-202.5,-212.0,-206.0
2020-11-24 11:36:00,-206.0,-203.5,-213.0,-207.5
2020-11-24 11:37:00,-206.5,-204.0,-211.5,-205.5
2020-11-24 11:38:00,-207.5,-202.5,-213.5,-208.5
2020-11-24 11:39:00,-207.0,-203.5,-211.0,-207.5
2020-11-24 11:40:00,-207.5,-202.0,-210.0,-205.0
2020-11-24 11:41:00,-203.0,-198.5,-209.0,-202.5
2020-11-24 11:42:00,-203.5,-199.0,-210.5,-202.5
2020-11-24 11:43:00,-203.5,-198.0,-203.5,-201.5
2020-11-24 11:44:00,-201.5,-195.5,-205.0,-203.0
2020-11-24 11:45:00,-202.0,-196.5,-207.0,-198.0
2020-11-24 11:46:00,-199.0,-196.0,-203.0,-198.0
2020-11-24 11:47:00,-198.5,-198.5,-211.5,-205.0
2020-11-24 11:48:00,-205.0,-199.0,-209.5,-208.5
2020-11-24 11:49:00,-208.5,-199.5,-210.0,-205.5
2020-11-24 11:50:00,-205.5,-198.0,-209.0,-205.5
2020-11-24 11:51:00,-204.0,-196.5,-207.0,-202.0
2020-11-24 11:52:00,-202.0,-194.5,-210.0,-208.0
2020-11-24 11:53:00,-208.0,-196.0,-209.0,-204.0
2020-11-24 11:54:00,-204.0,-199.5,-207.0,-205.0
2020-11-24 11:55:00,-204.0,-199.5,-210.0,-208.0
2020-11-24 11:56:00,-206.0,-199.5,-212.0,-209.0
2020-11-24 11:57:00,-209.0,-203.5,-210.5,-209.5
2020-11-24 11:58:00,-209.5,-201.5,-212.0,-202.5
2020-11-24 11:59:00,-202.5,-201.5,-211.0,-205.0
2020-11-24 12:00:00,-204.5,-201.0,-208.5,-207.0
2020-11-24 12:01:00,-206.0,-195.5,-208.0,-196.5
2020-11-24 12:02:00,-196.0,-194.5,-212.5,-207.5
2020-11-24 12:03:00,-207.5,-201.5,-212.0,-204.5
2020-11-24 12:04:00,-204.5,-200.5,-213.0,-205.0
2020-11-24 12:05:00,-206.5,-200.5,-212.5,-208.0
2020-11-24 12:06:00,-208.0,-201.5,-212.0,-207.0
2020-11-24 12:07:00,-209.0,-202.0,-214.0,-207.0
2020-11-24 12:08:00,-207.0,-199.5,-207.5,-207.5
2020-11-24 12:09:00,-205.0,-203.5,-211.0,-209.0
2020-11-24 12:10:00,-205.0,-201.5,-211.0,-204.5
2020-11-24 12:11:00,-204.5,-200.5,-207.0,-202.5
2020-11-24 12:12:00,-202.5,-199.5,-213.0,-204.5
2020-11-24 12:13:00,-204.5,-199.0,-208.0,-200.5
2020-11-24 12:14:00,-207.0,-199.0,-212.0,-207.5
2020-11-24 12:15:00,-207.5,-200.0,-210.0,-202.0
2020-11-24 12:16:00,-202.0,-198.5,-209.0,-202.0
2020-11-24 12:17:00,-202.0,-197.5,-208.0,-203.0
2020-11-24 12:18:00,-203.0,-196.0,-208.0,-200.0
2020-11-24 12:19:00,-200.0,-195.5,-203.0,-200.0
2020-11-24 12:20:00,-201.0,-196.0,-205.0,-200.5
2020-11-24 12:21:00,-200.5,-196.0,-204.5,-199.5
2020-11-24 12:22:00,-199.5,-196.5,-201.5,-201.5
2020-11-24 12:23:00,,,,
2020-11-24 12:24:00,-196.5,-193.0,-201.5,-197.5
2020-11-24 12:25:00,-197.5,-183.5,-201.5,-194.0
2020-11-24 12:26:00,-194.0,-187.0,-204.5,-194.5
2020-11-24 12:27:00,-194.5,-186.5,-201.0,-193.5
2020-11-24 12:28:00,-193.5,-192.0,-199.0,-195.0
2020-11-24 12:29:00,-195.0,-182.0,-197.5,-191.0
2020-11-24 12:30:00,-191.0,-181.5,-193.5,-189.5
2020-11-24 12:31:00,-189.5,-181.5,-192.0,-186.5
2020-11-24 12:32:00,-186.5,-182.5,-188.0,-183.5
2020-11-24 12:33:00,-186.0,-176.5,-191.0,-185.0
2020-11-24 12:34:00,-185.0,-180.0,-187.0,-181.5
2020-11-24 12:35:00,-181.5,-180.5,-193.5,-188.0
2020-11-24 12:36:00,-185.0,-185.0,-199.5,-195.5
2020-11-24 12:37:00,-195.5,-190.0,-201.5,-195.5
2020-11-24 12:38:00,-201.0,-190.5,-203.5,-203.5
2020-11-24 12:39:00,-199.5,-196.0,-201.5,-198.0
2020-11-24 12:40:00,-198.0,-198.0,-211.0,-202.5
2020-11-24 12:41:00,-202.5,-199.0,-209.0,-209.0
2020-11-24 12:42:00,-206.5,-199.0,-209.0,-201.0
2020-11-24 12:43:00,-205.5,-201.0,-208.5,-206.5
2020-11-24 12:44:00,-210.5,-202.5,-213.5,-211.5
2020-11-24 12:45:00,-212.5,-208.5,-218.0,-218.0
2020-11-24 12:46:00,-218.0,-208.5,-218.0,-212.5
2020-11-24 12:47:00,-212.5,-208.0,-215.0,-210.0
2020-11-24 12:48:00,-211.5,-208.5,-218.5,-213.0
2020-11-24 12:49:00,-219.5,-212.5,-223.5,-219.5
2020-11-24 12:50:00,-221.5,-211.0,-228.5,-227.5
2020-11-24 12:51:00,-227.5,-214.5,-227.5,-221.5
2020-11-24 12:52:00,-222.0,-220.0,-230.5,-222.5
2020-11-24 12:53:00,-225.0,-217.5,-230.5,-218.5
2020-11-24 12:54:00,-218.5,-213.5,-222.5,-217.5
2020-11-24 12:55:00,-217.5,-216.5,-225.5,-218.5
2020-11-24 12:56:00,-218.5,-215.5,-228.5,-218.5
2020-11-24 12:57:00,-219.5,-216.0,-225.5,-219.5
2020-11-24 12:58:00,-220.0,-220.0,-232.0,-231.0
2020-11-24 12:59:00,-231.0,-220.5,-233.0,-229.0
2020-11-24 13:00:00,-230.5,-222.0,-232.0,-222.5
2020-11-24 13:01:00,-223.5,-219.0,-232.0,-226.0
2020-11-24 13:02:00,-226.0,-216.0,-229.0,-228.0
2020-11-24 13:03:00,-226.0,-219.5,-230.0,-229.0
2020-11-24 13:04:00,-229.0,-222.5,-229.5,-226.0
2020-11-24 13:05:00,-226.0,-222.0,-232.0,-227.0
2020-11-24 13:06:00,-227.0,-221.0,-229.5,-222.0
2020-11-24 13:07:00,-223.0,-222.5,-227.5,-223.5
2020-11-24 13:08:00,-223.5,-219.0,-228.5,-226.0
2020-11-24 13:09:00,-224.5,-216.0,-225.5,-220.0
2020-11-24 13:10:00,-220.0,-215.5,-227.5,-218.5
2020-11-24 13:11:00,-221.5,-220.0,-226.0,-221.0
2020-11-24 13:12:00,-221.0,-218.0,-225.0,-222.5
2020-11-24 13:13:00,-223.5,-206.5,-226.0,-218.5
2020-11-24 13:14:00,-218.5,-208.0,-221.0,-215.0
2020-11-24 13:15:00,-212.5,-203.5,-218.0,-213.5
2020-11-24 13:16:00,-213.5,-205.0,-218.0,-215.5
2020-11-24 13:17:00,-214.0,-209.5,-218.5,-216.5
2020-11-24 13:18:00,-216.5,-207.5,-216.5,-213.0
2020-11-24 13:19:00,-212.5,-207.5,-219.0,-213.5
2020-11-24 13:20:00,-207.5,-207.5,-219.0,-213.5
2020-11-24 13:21:00,-213.5,-210.0,-225.5,-216.5
2020-11-24 13:22:00,-216.5,-213.0,-223.0,-219.5
2020-11-24 13:23:00,-217.0,-210.0,-221.5,-213.5
2020-11-24 13:24:00,-214.5,-210.0,-221.0,-212.5
2020-11-24 13:25:00,-214.0,-212.0,-220.5,-220.5
2020-11-24 13:26:00,-220.0,-213.0,-221.5,-216.5
2020-11-24 13:27:00,-216.5,-211.5,-219.5,-217.0
2020-11-24 13:28:00,-217.0,-212.5,-221.0,-215.0
2020-11-24 13:29:00,-212.5,-208.5,-223.0,-216.5
2020-11-24 13:30:00,-216.5,-211.0,-222.5,-217.5
2020-11-24 13:31:00,-221.0,-210.5,-222.5,-222.0
2020-11-24 13:32:00,-222.0,-210.5,-223.5,-214.5
2020-11-24 13:33:00,-214.5,-212.5,-224.0,-216.5
2020-11-24 13:34:00,-216.5,-213.0,-222.0,-215.5
2020-11-24 13:35:00,-215.5,-214.0,-223.0,-219.5
2020-11-24 13:36:00,-219.5,-212.0,-222.5,-221.5
2020-11-24 13:37:00,-221.5,-211.5,-221.5,-220.5
2020-11-24 13:38:00,-220.5,-218.5,-236.5,-226.5
2020-11-24 13:39:00,-226.5,-217.0,-229.0,-218.0
2020-11-24 13:40:00,-219.0,-210.5,-225.0,-212.5
2020-11-24 13:41:00,-211.5,-209.5,-222.0,-214.5
2020-11-24 13:42:00,-214.5,-208.0,-223.5,-221.0
2020-11-24 13:43:00,-221.0,-216.0,-223.0,-217.5
2020-11-24 13:44:00,-216.0,-215.0,-226.0,-220.0
2020-11-24 13:45:00,-220.0,-216.0,-225.0,-219.0
2020-11-24 13:46:00,-221.0,-217.0,-225.0,-221.5
2020-11-24 13:47:00,-222.5,-217.0,-224.5,-219.5
2020-11-24 13:48:00,-219.5,-216.5,-226.5,-217.5
2020-11-24 13:49:00,-217.5,-215.5,-226.0,-224.0
2020-11-24 13:50:00,-219.5,-210.0,-225.0,-214.5
2020-11-24 13:51:00,-214.5,-211.5,-222.0,-216.5
2020-11-24 13:52:00,-214.0,-205.5,-218.0,-208.0
2020-11-24 13:53:00,-209.5,-201.5,-216.0,-208.0
2020-11-24 13:54:00,-208.0,-204.0,-217.0,-214.5
2020-11-24 13:55:00,-212.5,-206.5,-216.5,-214.0
2020-11-24 13:56:00,-212.0,-203.5,-217.0,-205.0
2020-11-24 13:57:00,-206.0,-202.0,-216.5,-210.5
2020-11-24 13:58:00,-210.5,-202.5,-214.0,-206.5
2020-11-24 13:59:00,-207.0,-182.5,-211.5,-208.0
2020-11-24 14:00:00,-208.0,-204.5,-215.5,-207.5
2020-11-24 14:01:00,-212.0,-197.0,-223.0,-210.5
2020-11-24 14:02:00,-210.5,-196.0,-218.5,-203.5
2020-11-24 14:03:00,-205.0,-190.0,-211.0,-199.0
2020-11-24 14:04:00,-200.0,-191.0,-205.5,-194.0
2020-11-24 14:05:00,-192.0,-190.5,-202.0,-199.5
2020-11-24 14:06:00,-199.5,-182.5,-202.5,-189.0
2020-11-24 14:07:00,-189.0,-172.0,-208.0,-198.5
2020-11-24 14:08:00,-198.5,-187.0,-200.5,-193.0
2020-11-24 14:09:00,-297.0,-164.0,-297.0,-183.5
2020-11-24 14:10:00,-140.0,-131.5,-198.0,-167.0
2020-11-24 14:11:00,-167.0,-156.5,-177.0,-162.0
2020-11-24 14:12:00,-164.5,-158.0,-179.5,-169.0
2020-11-24 14:13:00,-174.0,-159.5,-174.0,-166.0
2020-11-24 14:14:00,-166.0,-133.0,-204.0,-198.5
2020-11-24 14:15:00,-198.5,-186.0,-210.5,-206.0
2020-11-24 14:16:00,-206.0,-198.5,-216.5,-207.0
2020-11-24 14:17:00,-207.0,-201.0,-215.5,-211.0
2020-11-24 14:18:00,-210.5,-206.5,-221.0,-213.5
2020-11-24 14:19:00,-213.5,-208.0,-229.0,-227.5
2020-11-24 14:20:00,-227.5,-214.5,-234.5,-222.0
2020-11-24 14:21:00,-222.0,-213.5,-231.0,-216.5
2020-11-24 14:22:00,-219.0,-209.0,-229.0,-227.5
2020-11-24 14:23:00,-227.5,-222.0,-241.5,-229.0
2020-11-24 14:24:00,-229.0,-224.5,-234.0,-231.0
2020-11-24 14:25:00,-229.5,-224.5,-236.0,-229.5
2020-11-24 14:26:00,-231.0,-229.5,-248.0,-231.0
2020-11-24 14:27:00,-232.0,-231.0,-243.0,-237.0
2020-11-24 14:28:00,-237.5,-229.0,-241.0,-234.5
2020-11-24 14:29:00,-234.5,-232.0,-248.5,-241.0
2020-11-24 14:30:00,-241.0,-229.5,-244.0,-232.5
2020-11-24 14:31:00,-232.5,-229.5,-242.0,-235.5
2020-11-24 14:32:00,-235.5,-234.5,-246.0,-245.5
2020-11-24 14:33:00,-245.5,-236.5,-248.0,-245.0
2020-11-24 14:34:00,-245.0,-240.5,-255.0,-251.0
2020-11-24 14:35:00,-250.0,-242.0,-250.5,-244.5
2020-11-24 14:36:00,-244.5,-237.5,-251.0,-242.5
2020-11-24 14:37:00,-242.5,-237.5,-245.0,-240.0
2020-11-24 14:38:00,-240.0,-234.0,-247.0,-238.5
2020-11-24 14:39:00,-243.5,-235.0,-248.5,-241.0
2020-11-24 14:40:00,-241.0,-238.0,-246.5,-241.5
2020-11-24 14:41:00,-240.5,-235.5,-245.0,-237.5
2020-11-24 14:42:00,-237.5,-234.0,-243.5,-237.0
2020-11-24 14:43:00,-237.0,-234.0,-244.5,-240.5
2020-11-24 14:44:00,-240.5,-239.0,-260.5,-254.0
2020-11-24 14:45:00,-252.0,-246.0,-260.5,-256.0
2020-11-24 14:46:00,-252.5,-247.0,-263.0,-249.0
2020-11-24 14:47:00,-249.0,-249.0,-259.5,-256.0
2020-11-24 14:48:00,-257.0,-251.0,-265.5,-260.0
2020-11-24 14:49:00,-257.0,-251.0,-264.0,-259.0
2020-11-24 14:50:00,-258.5,-249.5,-260.5,-256.0
2020-11-24 14:51:00,-256.0,-250.0,-260.5,-253.0
2020-11-24 14:52:00,-253.0,-248.0,-260.0,-256.0
2020-11-24 14:53:00,-256.0,-244.0,-256.5,-248.5
2020-11-24 14:54:00,-248.5,-242.5,-265.0,-255.0
2020-11-24 14:55:00,-259.0,-238.5,-265.0,-245.5
2020-11-24 14:56:00,-245.5,-242.0,-256.5,-255.5
2020-11-24 14:57:00,-255.5,-245.0,-257.0,-248.5
2020-11-24 14:58:00,-248.5,-240.5,-254.0,-247.0
2020-11-24 14:59:00,-249.0,-240.0,-256.5,-247.5
2020-11-24 15:00:00,-246.0,-244.0,-256.0,-251.0
2020-11-24 15:01:00,-251.0,-241.0,-270.5,-270.5
2020-11-24 15:02:00,-271.0,-258.5,-279.0,-262.5
2020-11-24 15:03:00,-262.5,-258.5,-283.5,-272.5
2020-11-24 15:04:00,-271.5,-263.5,-280.5,-267.5
2020-11-24 15:05:00,-265.0,-258.0,-275.5,-270.0
2020-11-24 15:06:00,-270.0,-257.5,-273.5,-268.0
2020-11-24 15:07:00,-268.0,-259.5,-270.0,-264.0
2020-11-24 15:08:00,-264.0,-255.5,-267.5,-261.5
2020-11-24 15:09:00,-261.5,-253.0,-265.0,-258.0
2020-11-24 15:10:00,-256.0,-253.5,-266.5,-256.5
2020-11-24 15:11:00,-255.0,-250.0,-266.0,-251.5
2020-11-24 15:12:00,-254.0,-252.5,-264.5,-258.5
2020-11-24 15:13:00,-258.5,-245.5,-262.0,-254.5
2020-11-24 15:14:00,-254.5,-252.5,-263.0,-258.0
2020-11-24 15:15:00,-260.0,-256.0,-268.5,-267.0
2020-11-24 15:16:00,-267.0,-262.0,-273.0,-265.5
2020-11-24 15:17:00,-265.5,-258.5,-280.0,-263.5
2020-11-24 15:18:00,-263.5,-259.5,-268.5,-262.5
2020-11-24 15:19:00,-265.5,-262.0,-270.0,-262.5
2020-11-24 15:20:00,-260.5,-258.5,-267.5,-260.5
2020-11-24 15:21:00,-260.5,-255.5,-264.0,-261.5
2020-11-24 15:22:00,-261.5,-253.5,-266.5,-260.5
2020-11-24 15:23:00,-260.5,-251.0,-263.0,-257.0
2020-11-24 15:24:00,-257.0,-255.5,-265.5,-258.0
2020-11-24 15:25:00,-260.5,-253.0,-263.5,-262.5
2020-11-24 15:26:00,-262.5,-258.0,-269.0,-264.5
2020-11-24 15:27:00,-264.5,-255.0,-270.0,-256.5
2020-11-24 15:28:00,-256.5,-256.5,-270.0,-265.5
2020-11-24 15:29:00,-263.5,-259.0,-273.0,-267.5
2020-11-24 15:30:00,-266.5,-263.0,-287.0,-274.0
2020-11-24 15:31:00,-272.0,-255.5,-277.0,-261.0
2020-11-24 15:32:00,-261.0,-258.5,-269.0,-261.5
2020-11-24 15:33:00,,,,
2020-11-24 15:34:00,-261.5,-254.0,-266.5,-257.5
2020-11-24 15:35:00,-257.5,-251.0,-267.0,-264.5
2020-11-24 15:36:00,-264.5,-253.0,-265.5,-260.0
2020-11-24 15:37:00,-261.0,-257.0,-264.0,-260.0
2020-11-24 15:38:00,-261.0,-255.0,-264.0,-262.0
2020-11-24 15:39:00,-260.5,-254.5,-263.0,-260.0
2020-11-24 15:40:00,-260.0,-253.0,-262.0,-260.0
2020-11-24 15:41:00,-260.0,-254.0,-262.5,-254.0
2020-11-24 15:42:00,-254.0,-253.0,-265.5,-260.5
2020-11-24 15:43:00,-260.5,-256.5,-267.0,-258.5
2020-11-24 15:44:00,-262.0,-251.5,-268.0,-262.5
2020-11-24 15:45:00,-262.5,-254.0,-265.5,-260.5
2020-11-24 15:46:00,-260.5,-252.5,-267.5,-262.5
2020-11-24 15:47:00,-262.5,-255.5,-266.0,-258.0
2020-11-24 15:48:00,-263.0,-257.0,-268.5,-257.0
2020-11-24 15:49:00,-260.0,-257.0,-262.0,-258.5
2020-11-24 15:50:00,-257.5,-257.0,-264.5,-260.0
2020-11-24 15:51:00,-262.0,-262.0,-269.5,-265.5
2020-11-24 15:52:00,-261.5,-257.0,-265.5,-258.0
2020-11-24 15:53:00,-260.5,-257.5,-266.5,-260.0
2020-11-24 15:54:00,-260.0,-259.5,-266.0,-262.5
2020-11-24 15:55:00,-262.0,-258.0,-266.5,-259.0
2020-11-24 15:56:00,-260.5,-258.5,-268.0,-263.5
2020-11-24 15:57:00,-263.5,-259.5,-267.5,-259.5
2020-11-24 15:58:00,-262.0,-260.5,-266.5,-264.0
2020-11-24 15:59:00,-263.5,-260.5,-270.0,-266.5
2020-11-24 16:00:00,-268.5,-233.5,-279.0,-272.5
2020-11-24 16:01:00,-272.5,-266.0,-277.0,-273.0
2020-11-24 16:02:00,-272.0,-264.0,-275.0,-271.5
2020-11-24 16:03:00,-272.5,-265.0,-275.5,-273.5
2020-11-24 16:04:00,-273.5,-264.0,-274.5,-268.0
2020-11-24 16:05:00,-268.5,-260.5,-268.5,-262.5
2020-11-24 16:06:00,-262.5,-262.5,-277.5,-270.5
2020-11-24 16:07:00,-270.5,-266.5,-275.5,-267.5
2020-11-24 16:08:00,-267.5,-262.5,-273.5,-267.5
2020-11-24 16:09:00,-268.0,-264.5,-274.5,-268.5
2020-11-24 16:10:00,-269.0,-262.0,-273.5,-263.5
2020-11-24 16:11:00,-265.5,-264.0,-280.5,-280.5
2020-11-24 16:12:00,-280.5,-266.5,-280.5,-272.0
2020-11-24 16:13:00,-272.0,-264.0,-285.0,-281.0
2020-11-24 16:14:00,-286.5,-271.5,-292.5,-287.5
2020-11-24 16:15:00,-284.5,-269.0,-285.0,-272.5
2020-11-24 16:16:00,-269.5,-269.5,-288.5,-286.5
2020-11-24 16:17:00,-286.5,-268.0,-286.5,-277.5
2020-11-24 16:18:00,-277.5,-268.5,-284.5,-278.5
2020-11-24 16:19:00,-278.5,-266.5,-281.5,-278.0
2020-11-24 16:20:00,-278.0,-264.0,-283.5,-280.0
2020-11-24 16:21:00,-280.0,-272.0,-284.0,-277.0
2020-11-24 16:22:00,-276.0,-268.5,-280.0,-276.5
2020-11-24 16:23:00,-276.5,-267.5,-283.0,-278.0
2020-11-24 16:24:00,-278.0,-266.0,-281.0,-278.0
2020-11-24 16:25:00,-278.0,-264.5,-278.0,-273.0
2020-11-24 16:26:00,-272.5,-269.0,-280.0,-278.5
2020-11-24 16:27:00,-278.5,-264.0,-280.0,-274.0
2020-11-24 16:28:00,-274.0,-265.0,-274.5,-266.5
2020-11-24 16:29:00,-266.5,-265.5,-277.0,-275.5
2020-11-24 16:30:00,-277.5,-268.0,-280.5,-273.5
2020-11-24 16:31:00,-273.0,-267.0,-279.0,-278.5
2020-11-24 16:32:00,-280.0,-273.0,-285.5,-276.0
2020-11-24 16:33:00,-270.0,-270.0,-292.5,-283.5
2020-11-24 16:34:00,-281.5,-271.5,-290.0,-274.5
2020-11-24 16:35:00,-274.5,-269.0,-289.5,-276.5
2020-11-24 16:36:00,-278.5,-273.5,-287.0,-278.5
2020-11-24 16:37:00,-279.5,-272.5,-288.5,-283.5
2020-11-24 16:38:00,-283.5,-274.5,-287.5,-274.5
2020-11-24 16:39:00,-274.5,-270.5,-289.5,-286.0
2020-11-24 16:40:00,-286.0,-278.0,-292.5,-291.0
2020-11-24 16:41:00,-291.0,-287.0,-297.0,-289.5
2020-11-24 16:42:00,-289.5,-281.0,-295.5,-283.5
2020-11-24 16:43:00,-283.5,-283.5,-293.5,-284.5
2020-11-24 16:44:00,-284.5,-282.0,-293.0,-291.0
2020-11-24 16:45:00,-289.0,-278.0,-291.5,-290.0
2020-11-24 16:46:00,-288.5,-280.0,-295.0,-290.5
2020-11-24 16:47:00,-290.5,-282.0,-292.5,-288.5
2020-11-24 16:48:00,-291.5,-281.0,-293.5,-286.5
2020-11-24 16:49:00,-288.5,-285.5,-297.5,-297.5
2020-11-24 16:50:00,-297.5,-288.5,-305.0,-299.0
2020-11-24 16:51:00,-298.0,-292.5,-304.5,-300.5
2020-11-24 16:52:00,-298.5,-295.0,-311.5,-301.0
2020-11-24 16:53:00,-298.0,-293.0,-300.0,-294.0
2020-11-24 16:54:00,-295.0,-294.5,-306.5,-303.0
2020-11-24 16:55:00,-302.0,-292.5,-306.5,-294.5
2020-11-24 16:56:00,-294.5,-289.0,-303.0,-299.5
2020-11-24 16:57:00,-301.0,-293.5,-308.5,-301.0
2020-11-24 16:58:00,-300.5,-293.5,-307.5,-299.0
2020-11-24 16:59:00,-299.0,-286.0,-305.0,-291.0
2020-11-24 17:00:00,-291.0,-289.5,-310.0,-299.0
2020-11-24 17:01:00,-299.0,-297.0,-309.5,-303.5
2020-11-24 17:02:00,-303.5,-296.0,-311.5,-297.5
2020-11-24 17:03:00,-299.0,-291.0,-308.5,-299.0
2020-11-24 17:04:00,-299.0,-279.0,-306.0,-284.5
2020-11-24 17:05:00,-284.5,-280.0,-303.0,-303.0
2020-11-24 17:06:00,-303.0,-297.5,-314.5,-311.5
2020-11-24 17:07:00,-311.5,-302.5,-320.0,-311.0
2020-11-24 17:08:00,-310.0,-285.5,-310.0,-299.0
2020-11-24 17:09:00,-297.0,-294.5,-308.0,-306.5
2020-11-24 17:10:00,-306.5,-298.5,-312.0,-301.0
2020-11-24 17:11:00,-301.0,-294.5,-309.5,-301.0
2020-11-24 17:12:00,-300.5,-283.5,-300.5,-292.5
2020-11-24 17:13:00,-292.5,-286.5,-299.5,-291.0
2020-11-24 17:14:00,-292.0,-285.0,-305.0,-299.5
2020-11-24 17:15:00,-299.5,-286.0,-303.5,-295.5
2020-11-24 17:16:00,-295.5,-287.0,-302.5,-298.0
2020-11-24 17:17:00,-298.0,-286.5,-303.0,-302.0
2020-11-24 17:18:00,-298.5,-289.5,-307.0,-298.0
2020-11-24 17:19:00,-298.0,-292.0,-310.0,-300.0
2020-11-24 17:20:00,-300.0,-296.5,-316.0,-310.0
2020-11-24 17:21:00,-310.0,-291.5,-321.0,-315.5
2020-11-24 17:22:00,-314.0,-306.5,-327.5,-313.5
2020-11-24 17:23:00,-313.5,-312.0,-328.5,-324.5
2020-11-24 17:24:00,-324.5,-317.5,-338.0,-331.5
2020-11-24 17:25:00,-331.5,-323.0,-372.5,-367.0
2020-11-24 17:26:00,-367.0,-333.0,-375.0,-356.5
2020-11-24 17:27:00,-352.0,-331.0,-359.5,-332.0
2020-11-24 17:28:00,-332.0,-327.5,-343.0,-335.0
2020-11-24 17:29:00,-335.0,-333.5,-382.0,-356.5
2020-11-24 17:30:00,-356.5,-352.0,-381.5,-370.0
2020-11-24 17:31:00,-370.0,-366.0,-395.5,-366.0
2020-11-24 17:32:00,-366.0,-336.5,-381.5,-367.5
2020-11-24 17:33:00,-346.5,-325.0,-378.0,-361.0
2020-11-24 17:34:00,-373.0,-339.5,-373.0,-361.5
2020-11-24 17:35:00,,,,
2020-11-24 17:36:00,-361.5,-333.0,-376.0,-333.0
2020-11-24 17:37:00,-303.0,-301.0,-370.5,-365.5
2020-11-24 17:38:00,-365.5,-360.0,-373.0,-366.0
2020-11-24 17:39:00,-368.0,-361.5,-390.5,-365.0
2020-11-24 17:40:00,-368.5,-350.0,-375.5,-352.5
2020-11-24 17:41:00,-358.5,-342.5,-362.0,-358.0
2020-11-24 17:42:00,-358.5,-335.0,-367.5,-353.0
2020-11-24 17:43:00,-353.5,-324.5,-374.0,-374.0
2020-11-24 17:44:00,-365.0,-352.5,-387.0,-365.5
2020-11-24 17:45:00,-365.5,-354.0,-373.5,-359.5
2020-11-24 17:46:00,-359.5,-344.0,-363.0,-351.5
2020-11-24 17:47:00,-351.0,-340.5,-360.5,-359.5
2020-11-24 17:48:00,-359.0,-344.5,-371.5,-365.5
2020-11-24 17:49:00,-363.5,-358.5,-371.0,-362.5
2020-11-24 17:50:00,-299.5,-297.5,-395.5,-386.5
2020-11-24 17:51:00,-372.5,-366.5,-393.5,-374.0
2020-11-24 17:52:00,-374.0,-363.5,-386.0,-370.5
2020-11-24 17:53:00,-340.0,-340.0,-379.0,-369.5
2020-11-24 17:54:00,-369.5,-350.0,-375.0,-363.5
2020-11-24 17:55:00,-363.5,-352.0,-378.0,-360.5
2020-11-24 17:56:00,-360.5,-319.5,-387.5,-375.5
2020-11-24 17:57:00,-375.5,-359.0,-381.5,-373.0
2020-11-24 17:58:00,-373.0,-363.0,-381.5,-372.5
2020-11-24 17:59:00,-372.5,-366.0,-381.0,-374.0
2020-11-24 18:00:00,-376.0,-375.0,-395.0,-390.5
2020-11-24 18:01:00,-390.0,-375.0,-399.5,-389.5
2020-11-24 18:02:00,-388.5,-367.0,-393.0,-378.5
2020-11-24 18:03:00,-378.5,-353.0,-391.5,-367.0
2020-11-24 18:04:00,-366.0,-358.5,-380.5,-364.5
2020-11-24 18:05:00,-364.5,-349.0,-373.0,-349.0
2020-11-24 18:06:00,-349.0,-349.0,-372.5,-359.0
2020-11-24 18:07:00,-359.0,-300.5,-381.0,-353.0
2020-11-24 18:08:00,-353.0,-337.0,-359.5,-347.5
2020-11-24 18:09:00,-347.5,-333.5,-357.0,-344.0
2020-11-24 18:10:00,-344.0,-334.5,-358.0,-342.0
2020-11-24 18:11:00,-342.0,-330.5,-346.5,-335.0
2020-11-24 18:12:00,-336.0,-320.0,-359.0,-330.0
2020-11-24 18:13:00,-330.0,-309.0,-344.0,-325.5
2020-11-24 18:14:00,-325.5,-317.0,-386.5,-334.5
2020-11-24 18:15:00,-336.0,-327.5,-352.5,-334.5
2020-11-24 18:16:00,-337.5,-326.0,-348.5,-345.5
2020-11-24 18:17:00,-345.5,-337.5,-357.0,-355.0
2020-11-24 18:18:00,-355.0,-335.0,-355.5,-343.0
2020-11-24 18:19:00,-343.0,-313.0,-354.5,-346.0
2020-11-24 18:20:00,-346.0,-337.5,-357.5,-346.0
2020-11-24 18:21:00,-346.0,-338.5,-355.0,-346.0
2020-11-24 18:22:00,-345.5,-327.0,-347.5,-335.0
2020-11-24 18:23:00,-335.0,-327.0,-343.0,-327.0
2020-11-24 18:24:00,,,,
2020-11-24 18:25:00,-343.0,-322.5,-350.0,-328.0
2020-11-24 18:26:00,-325.5,-295.5,-344.0,-322.0
2020-11-24 18:27:00,-322.0,-309.0,-333.0,-319.0
2020-11-24 18:28:00,-319.0,-311.5,-328.5,-316.5
2020-11-24 18:29:00,-342.5,-299.0,-346.0,-316.0
2020-11-24 18:30:00,-316.0,-303.0,-326.5,-313.5
2020-11-24 18:31:00,-313.5,-305.0,-323.5,-315.0
2020-11-24 18:32:00,-315.0,-303.5,-319.5,-311.0
2020-11-24 18:33:00,-311.0,-308.0,-322.0,-313.5
2020-11-24 18:34:00,-313.5,-306.0,-323.5,-315.5
2020-11-24 18:35:00,-314.0,-311.5,-323.0,-318.5
2020-11-24 18:36:00,-318.5,-310.5,-325.0,-319.5
2020-11-24 18:37:00,-319.5,-304.5,-325.0,-323.5
2020-11-24 18:38:00,-322.5,-316.5,-329.0,-321.5
2020-11-24 18:39:00,-321.5,-314.0,-329.5,-316.5
2020-11-24 18:40:00,-316.5,-312.5,-326.5,-317.0
2020-11-24 18:41:00,-317.0,-317.0,-328.0,-322.0
2020-11-24 18:42:00,-325.0,-315.0,-332.5,-328.0
2020-11-24 18:43:00,-328.0,-325.5,-346.5,-340.0
2020-11-24 18:44:00,-340.0,-326.0,-345.5,-340.5
2020-11-24 18:45:00,-340.5,-324.0,-342.0,-331.5
2020-11-24 18:46:00,-331.5,-322.5,-338.5,-325.5
2020-11-24 18:47:00,-325.5,-322.5,-351.0,-346.0
2020-11-24 18:48:00,-346.0,-333.0,-359.0,-343.0
2020-11-24 18:49:00,-344.5,-338.5,-355.5,-346.0
2020-11-24 18:50:00,-346.0,-339.0,-350.0,-341.5
2020-11-24 18:51:00,-339.0,-335.0,-355.0,-344.0
2020-11-24 18:52:00,-344.0,-336.5,-353.5,-345.5
2020-11-24 18:53:00,-348.5,-336.5,-354.0,-350.5
2020-11-24 18:54:00,-350.5,-336.5,-353.5,-346.5
2020-11-24 18:55:00,-346.5,-335.0,-351.0,-339.5
2020-11-24 18:56:00,-338.0,-330.0,-353.5,-345.0
2020-11-24 18:57:00,-346.0,-328.0,-358.0,-351.5
2020-11-24 18:58:00,-353.5,-341.5,-359.0,-344.0
2020-11-24 18:59:00,-344.0,-338.5,-357.5,-353.0
2020-11-24 19:00:00,-353.0,-344.0,-365.0,-355.5
2020-11-24 19:01:00,-355.5,-349.5,-360.5,-350.5
2020-11-24 19:02:00,-353.5,-340.0,-358.0,-350.5
2020-11-24 19:03:00,-350.0,-331.0,-356.5,-342.5
2020-11-24 19:04:00,-342.5,-332.5,-350.5,-344.0
2020-11-24 19:05:00,-344.0,-338.0,-353.0,-341.0
2020-11-24 19:06:00,-341.0,-334.5,-354.5,-349.0
2020-11-24 19:07:00,-350.5,-341.0,-355.0,-347.5
2020-11-24 19:08:00,-347.5,-341.5,-356.0,-356.0
2020-11-24 19:09:00,-356.0,-345.0,-359.0,-347.5
2020-11-24 19:10:00,-347.5,-342.0,-351.5,-349.5
2020-11-24 19:11:00,-346.5,-341.0,-354.5,-344.0
2020-11-24 19:12:00,,,,
2020-11-24 19:13:00,,,,
2020-11-24 19:14:00,-355.5,-347.5,-364.0,-357.0
2020-11-24 19:15:00,-358.0,-347.5,-362.5,-357.5
2020-11-24 19:16:00,-357.5,-351.5,-363.5,-361.5
2020-11-24 19:17:00,-361.5,-351.0,-368.0,-352.5
2020-11-24 19:18:00,-352.5,-347.0,-359.5,-354.0
2020-11-24 19:19:00,-354.0,-354.0,-365.5,-363.5
2020-11-24 19:20:00,-364.5,-339.5,-370.5,-362.5
2020-11-24 19:21:00,-362.5,-350.0,-368.5,-356.0
2020-11-24 19:22:00,-356.0,-355.0,-366.5,-359.0
2020-11-24 19:23:00,-370.0,-357.5,-372.0,-360.0
2020-11-24 19:24:00,-360.0,-351.5,-368.5,-358.5
2020-11-24 19:25:00,-358.5,-354.5,-363.0,-359.0
2020-11-24 19:26:00,-361.0,-344.0,-361.0,-352.0
2020-11-24 19:27:00,-352.0,-345.0,-361.5,-360.0
2020-11-24 19:28:00,-360.0,-348.0,-360.5,-350.5
2020-11-24 19:29:00,-350.5,-347.5,-359.0,-353.0
2020-11-24 19:30:00,-353.0,-347.0,-361.0,-355.5
2020-11-24 19:31:00,,,,
2020-11-24 19:32:00,-382.0,-349.5,-384.0,-360.5
2020-11-24 19:33:00,-360.5,-347.5,-362.5,-356.5
2020-11-24 19:34:00,-360.0,-338.5,-394.0,-349.5
2020-11-24 19:35:00,-349.5,-339.0,-357.5,-342.0
2020-11-24 19:36:00,-342.0,-338.5,-355.5,-345.5
2020-11-24 19:37:00,-345.5,-337.0,-353.0,-342.5
2020-11-24 19:38:00,-342.5,-334.5,-360.5,-345.5
2020-11-24 19:39:00,-345.5,-335.0,-350.5,-344.0
2020-11-24 19:40:00,-344.0,-339.0,-351.5,-342.5
2020-11-24 19:41:00,-342.5,-337.0,-348.5,-339.5
2020-11-24 19:42:00,-339.5,-338.5,-351.5,-349.0
2020-11-24 19:43:00,-349.0,-338.5,-352.0,-339.5
2020-11-24 19:44:00,-339.5,-337.5,-352.5,-337.5
2020-11-24 19:45:00,-338.0,-336.5,-346.5,-341.5
2020-11-24 19:46:00,-339.0,-324.0,-343.0,-333.5
2020-11-24 19:47:00,-333.5,-327.0,-341.0,-338.5
2020-11-24 19:48:00,-338.5,-328.0,-344.0,-333.0
2020-11-24 19:49:00,-333.0,-327.0,-340.5,-337.5
2020-11-24 19:50:00,-337.5,-329.0,-337.5,-333.0
2020-11-24 19:51:00,-333.0,-324.5,-344.5,-333.0
2020-11-24 19:52:00,-333.0,-326.0,-341.5,-335.5
2020-11-24 19:53:00,-335.5,-329.5,-338.5,-335.5
2020-11-24 19:54:00,-335.5,-324.5,-335.5,-332.5
2020-11-24 19:55:00,-332.5,-326.0,-336.5,-330.5
2020-11-24 19:56:00,-330.5,-325.5,-346.0,-338.5
2020-11-24 19:57:00,-338.5,-325.5,-344.0,-341.5
2020-11-24 19:58:00,-341.5,-330.5,-344.5,-343.5
2020-11-24 19:59:00,-343.5,-329.5,-350.5,-339.5
2020-11-24 20:00:00,-339.5,-326.5,-349.0,-327.5
2020-11-24 20:01:00,-326.0,-321.5,-343.0,-328.5
2020-11-24 20:02:00,-328.5,-322.5,-354.5,-345.5
2020-11-24 20:03:00,-345.5,-338.5,-359.0,-348.0
2020-11-24 20:04:00,-348.0,-339.5,-359.0,-353.0
2020-11-24 20:05:00,-353.0,-338.0,-354.0,-346.5
2020-11-24 20:06:00,-346.5,-325.0,-351.5,-335.0
2020-11-24 20:07:00,-333.0,-329.5,-346.0,-334.5
2020-11-24 20:08:00,-334.5,-334.5,-347.5,-342.5
2020-11-24 20:09:00,-342.5,-341.5,-349.0,-347.5
2020-11-24 20:10:00,-339.0,-331.5,-345.0,-338.5
2020-11-24 20:11:00,-333.5,-332.0,-342.0,-338.5
2020-11-24 20:12:00,-338.5,-331.0,-345.0,-337.5
2020-11-24 20:13:00,-337.5,-333.0,-346.5,-342.5
2020-11-24 20:14:00,-342.5,-338.0,-345.5,-343.5
2020-11-24 20:15:00,-341.0,-331.0,-342.5,-333.5
2020-11-24 20:16:00,-333.5,-330.5,-342.5,-338.0
2020-11-24 20:17:00,-338.0,-334.5,-351.0,-344.5
2020-11-24 20:18:00,-344.5,-337.5,-349.5,-337.5
2020-11-24 20:19:00,-339.0,-319.0,-348.5,-347.0
2020-11-24 20:20:00,-347.0,-325.0,-347.0,-330.5
2020-11-24 20:21:00,-330.5,-329.5,-342.5,-331.5
2020-11-24 20:22:00,-331.5,-324.0,-340.0,-334.5
2020-11-24 20:23:00,-331.5,-323.0,-344.0,-335.5
2020-11-24 20:24:00,-335.5,-330.5,-354.0,-339.5
2020-11-24 20:25:00,-339.5,-333.0,-353.0,-346.5
2020-11-24 20:26:00,-346.5,-337.0,-353.5,-345.5
2020-11-24 20:27:00,-345.5,-339.5,-356.0,-349.0
2020-11-24 20:28:00,-349.0,-341.5,-360.0,-347.5
2020-11-24 20:29:00,-347.5,-335.5,-354.5,-343.5
2020-11-24 20:30:00,-343.5,-332.5,-358.0,-348.0
2020-11-24 20:31:00,-348.0,-339.0,-356.5,-355.5
2020-11-24 20:32:00,-355.5,-340.5,-362.5,-360.5
2020-11-24 20:33:00,-360.5,-350.0,-365.0,-354.5
2020-11-24 20:34:00,-355.5,-349.0,-361.5,-359.5
2020-11-24 20:35:00,-359.0,-345.0,-375.5,-366.5
2020-11-24 20:36:00,-366.5,-361.0,-378.5,-369.5
2020-11-24 20:37:00,-368.5,-358.0,-379.0,-370.5
2020-11-24 20:38:00,-370.5,-360.0,-374.0,-365.5
2020-11-24 20:39:00,-365.5,-355.5,-371.0,-362.0
2020-11-24 20:40:00,-364.5,-345.5,-366.0,-351.5
2020-11-24 20:41:00,-351.0,-348.0,-363.5,-355.5
2020-11-24 20:42:00,-355.5,-340.5,-357.0,-345.5
2020-11-24 20:43:00,-345.5,-328.0,-353.0,-339.0
2020-11-24 20:44:00,-339.0,-328.5,-347.5,-335.0
2020-11-24 20:45:00,-333.5,-331.5,-346.0,-339.0
2020-11-24 20:46:00,,,,
2020-11-24 20:47:00,-339.5,-333.0,-350.5,-346.5
2020-11-24 20:48:00,-344.5,-338.5,-350.5,-347.5
2020-11-24 20:49:00,-349.0,-337.0,-353.0,-349.5
2020-11-24 20:50:00,-349.5,-336.0,-355.0,-341.5
2020-11-24 20:51:00,-341.5,-335.0,-347.5,-337.0
2020-11-24 20:52:00,-337.0,-333.0,-351.0,-346.5
2020-11-24 20:53:00,-342.5,-329.5,-346.5,-336.5
2020-11-24 20:54:00,-336.5,-323.5,-347.5,-324.5
2020-11-24 20:55:00,-324.5,-320.0,-341.0,-334.0
2020-11-24 20:56:00,-348.5,-328.5,-349.0,-334.0
2020-11-24 20:57:00,-335.5,-326.0,-346.0,-335.5
2020-11-24 20:58:00,-335.5,-325.5,-341.5,-334.5
2020-11-24 20:59:00,-334.5,-324.5,-338.5,-334.5
2020-11-24 21:00:00,-334.5,-333.0,-356.0,-354.5
2020-11-24 21:01:00,-355.5,-336.0,-363.0,-347.5
2020-11-24 21:02:00,-349.0,-346.5,-362.0,-360.5
2020-11-24 21:03:00,-360.5,-347.0,-367.0,-353.5
2020-11-24 21:04:00,-353.5,-345.0,-362.5,-348.5
2020-11-24 21:05:00,-349.0,-337.0,-356.5,-350.0
2020-11-24 21:06:00,-350.0,-344.5,-364.0,-363.5
2020-11-24 21:07:00,-363.5,-348.5,-363.5,-356.0
2020-11-24 21:08:00,-356.0,-345.5,-363.5,-361.5
2020-11-24 21:09:00,-361.5,-346.5,-364.5,-355.0
2020-11-24 21:10:00,-352.0,-340.5,-354.0,-345.0
2020-11-24 21:11:00,-345.0,-335.5,-348.5,-340.0
2020-11-24 21:12:00,-340.0,-329.5,-343.5,-331.0
2020-11-24 21:13:00,-331.0,-323.0,-347.0,-342.0
2020-11-24 21:14:00,-342.0,-333.0,-346.5,-338.5
2020-11-24 21:15:00,-338.5,-334.5,-342.5,-336.5
2020-11-24 21:16:00,,,,
2020-11-24 21:17:00,,,,
2020-11-24 21:18:00,-355.5,-353.5,-364.0,-364.0
2020-11-24 21:19:00,-364.0,-357.5,-373.0,-369.5
2020-11-24 21:20:00,-369.5,-367.5,-374.5,-368.5
2020-11-24 21:21:00,-371.5,-345.5,-372.5,-349.5
2020-11-24 21:22:00,-349.5,-338.0,-365.5,-347.5
2020-11-24 21:23:00,-347.5,-336.0,-355.0,-339.5
2020-11-24 21:24:00,-342.0,-334.5,-352.0,-344.5
2020-11-24 21:25:00,-344.5,-338.0,-351.5,-346.0
2020-11-24 21:26:00,-344.0,-340.5,-356.0,-348.5
2020-11-24 21:27:00,,,,
2020-11-24 21:28:00,-348.5,-340.5,-356.0,-344.5
2020-11-24 21:29:00,-344.5,-338.0,-355.0,-345.5
2020-11-24 21:30:00,-344.5,-339.5,-372.0,-343.0
2020-11-24 21:31:00,-343.0,-343.0,-362.0,-346.5
2020-11-24 21:32:00,-350.5,-340.5,-358.5,-346.0
2020-11-24 21:33:00,-346.0,-342.5,-364.0,-351.5
2020-11-24 21:34:00,-351.5,-344.5,-362.0,-354.5
2020-11-24 21:35:00,-354.5,-346.0,-365.5,-348.5
2020-11-24 21:36:00,-348.5,-346.5,-365.5,-356.5
2020-11-24 21:37:00,-357.5,-345.0,-362.5,-352.5
2020-11-24 21:38:00,-352.5,-349.5,-363.0,-357.5
2020-11-24 21:39:00,-358.0,-342.0,-363.5,-353.5
2020-11-24 21:40:00,-354.5,-333.0,-357.0,-336.0
2020-11-24 21:41:00,-336.0,-335.5,-350.0,-346.5
2020-11-24 21:42:00,-346.5,-336.5,-349.5,-341.5
2020-11-24 21:43:00,-342.5,-328.0,-343.5,-333.5
2020-11-24 21:44:00,-333.5,-322.5,-343.0,-326.5
2020-11-24 21:45:00,-325.0,-304.0,-340.5,-332.5
2020-11-24 21:46:00,-332.5,-326.5,-342.5,-326.5
2020-11-24 21:47:00,-326.5,-322.5,-339.5,-325.0
2020-11-24 21:48:00,-325.0,-323.5,-332.5,-326.0
2020-11-24 21:49:00,-326.0,-317.0,-333.5,-322.5
2020-11-24 21:50:00,-322.5,-309.0,-326.5,-318.0
2020-11-24 21:51:00,-318.0,-306.0,-329.5,-317.5
2020-11-24 21:52:00,-317.5,-312.5,-327.5,-327.0
2020-11-24 21:53:00,-327.5,-313.5,-332.0,-316.0
2020-11-24 21:54:00,-313.5,-312.5,-324.0,-317.5
2020-11-24 21:55:00,-317.5,-310.5,-323.0,-314.0
2020-11-24 21:56:00,-314.0,-310.5,-325.0,-319.5
2020-11-24 21:57:00,-319.5,-310.5,-325.5,-317.5
2020-11-24 21:58:00,-317.5,-315.5,-326.5,-318.5
2020-11-24 21:59:00,-321.5,-311.5,-324.0,-320.5
2020-11-24 22:00:00,-322.5,-311.5,-337.0,-329.0
2020-11-24 22:01:00,-326.0,-321.5,-332.5,-322.0
2020-11-24 22:02:00,-322.0,-322.0,-331.0,-324.5
2020-11-24 22:03:00,-323.0,-317.0,-343.5,-331.5
2020-11-24 22:04:00,-332.5,-328.0,-336.5,-329.5
2020-11-24 22:05:00,-328.5,-324.5,-337.5,-335.0
2020-11-24 22:06:00,-334.5,-332.5,-342.0,-337.5
2020-11-24 22:07:00,-338.0,-331.0,-350.5,-335.5
2020-11-24 22:08:00,-338.0,-330.5,-343.5,-334.5
2020-11-24 22:09:00,-333.0,-326.5,-339.5,-328.5
2020-11-24 22:10:00,-328.5,-320.0,-339.5,-324.5
2020-11-24 22:11:00,-322.5,-319.5,-332.5,-324.0
