timestamp,XBTUSDM,XBTUSDM-XBTMU20_arb,XBTUSDM-XBTMM20_arb
2020-05-23 00:00:00,9228.5,-86.0,-16.5
2020-05-23 00:01:00,9230.5,-89.5,-21.5
2020-05-23 00:02:00,9218.0,-86.0,-25.0
2020-05-23 00:03:00,9206.5,-83.5,-16.5
2020-05-23 00:04:00,9201.5,-80.5,-13.5
2020-05-23 00:05:00,9200.5,-80.5,-17.0
2020-05-23 00:06:00,9191.5,-76.0,-16.0
2020-05-23 00:07:00,9199.5,-81.0,-17.0
2020-05-23 00:08:00,9200.5,-78.0,-15.0
2020-05-23 00:09:00,9206.5,-81.5,-16.0
2020-05-23 00:10:00,9209.5,-79.0,-14.0
2020-05-23 00:11:00,9218.5,-82.5,-16.5
2020-05-23 00:12:00,9210.5,-80.0,-16.0
2020-05-23 00:13:00,9207.5,-81.0,-16.0
2020-05-23 00:14:00,9203.5,-83.0,-15.5
2020-05-23 00:15:00,9206.5,-81.0,-20.0
2020-05-23 00:16:00,9200.5,-81.5,-19.0
2020-05-23 00:17:00,9202.5,-82.0,-18.5
2020-05-23 00:18:00,9193.5,-83.0,-16.5
2020-05-23 00:19:00,9192.5,-79.5,-18.0
2020-05-23 00:20:00,9197.5,-80.5,-17.5
2020-05-23 00:21:00,9193.5,-83.5,-16.5
2020-05-23 00:22:00,9202.5,-82.0,-17.5
2020-05-23 00:23:00,9197.5,-81.5,-21.0
2020-05-23 00:24:00,9202.5,-84.0,-16.0
2020-05-23 00:25:00,9204.5,-81.5,-15.0
2020-05-23 00:26:00,9210.5,-82.0,-18.0
2020-05-23 00:27:00,9214.5,-87.5,-20.0
2020-05-23 00:28:00,9214.5,-84.5,-18.0
2020-05-23 00:29:00,9213.5,-83.5,-19.5
2020-05-23 00:30:00,9213.5,-88.0,-19.0
2020-05-23 00:31:00,9208.5,-85.0,-21.5
2020-05-23 00:32:00,9204.5,-86.0,-19.5
2020-05-23 00:33:00,9212.5,-85.0,-19.5
2020-05-23 00:34:00,9206.5,-85.5,-21.5
2020-05-23 00:35:00,9212.5,-81.5,-19.5
2020-05-23 00:36:00,9197.5,-84.5,-22.5
2020-05-23 00:37:00,9200.5,-81.5,-19.5
2020-05-23 00:38:00,9197.5,-82.5,-20.0
2020-05-23 00:39:00,9195.5,-82.0,-17.0
2020-05-23 00:40:00,9196.5,-80.0,-16.0
2020-05-23 00:41:00,9194.5,-83.0,-15.5
2020-05-23 00:42:00,9197.5,-80.5,-16.0
2020-05-23 00:43:00,9190.5,-82.5,-18.0
2020-05-23 00:44:00,9194.5,-84.5,-15.5
2020-05-23 00:45:00,9194.5,-85.5,-15.5
2020-05-23 00:46:00,9202.5,-85.0,-14.5
2020-05-23 00:47:00,9200.5,-85.5,-17.5
2020-05-23 00:48:00,9199.5,-84.0,-17.0
2020-05-23 00:49:00,9203.5,-84.0,-14.5
2020-05-23 00:50:00,9201.5,-86.5,-16.5
2020-05-23 00:51:00,9203.5,-84.0,-16.0
2020-05-23 00:52:00,9220.5,-92.5,-14.5
2020-05-23 00:53:00,9222.5,-86.5,-20.5
2020-05-23 00:54:00,9230.5,-91.5,-22.0
2020-05-23 00:55:00,9230.5,-87.5,-21.5
2020-05-23 00:56:00,9239.5,-91.5,-24.0
2020-05-23 00:57:00,9242.5,-88.5,-24.0
2020-05-23 00:58:00,9240.5,-88.0,-23.5
2020-05-23 00:59:00,9247.5,-88.0,-20.0
2020-05-23 01:00:00,9248.5,-86.5,-19.0
2020-05-23 01:01:00,9247.5,-88.5,-24.0
2020-05-23 01:02:00,9238.5,-86.0,-19.5
2020-05-23 01:03:00,9236.5,-88.5,-21.0
2020-05-23 01:04:00,9239.5,-86.5,-21.5
2020-05-23 01:05:00,9250.5,-86.5,-25.5
2020-05-23 01:06:00,9259.5,-85.0,-20.0
2020-05-23 01:07:00,9255.5,-87.5,-16.5
2020-05-23 01:08:00,9247.5,-89.5,-20.0
2020-05-23 01:09:00,9255.5,-86.0,-19.5
2020-05-23 01:10:00,9255.5,-86.0,-20.5
2020-05-23 01:11:00,9249.5,-87.5,-20.5
2020-05-23 01:12:00,9249.5,-86.5,-20.5
2020-05-23 01:13:00,9245.5,-88.5,-23.5
2020-05-23 01:14:00,9239.5,-87.0,-17.5
2020-05-23 01:15:00,9238.5,-87.5,-22.5
2020-05-23 01:16:00,9232.5,-90.0,-26.0
2020-05-23 01:17:00,9233.5,-86.5,-23.5
2020-05-23 01:18:00,9232.5,-85.0,-23.5
2020-05-23 01:19:00,9225.5,-87.5,-20.0
2020-05-23 01:20:00,9222.5,-90.5,-22.5
2020-05-23 01:21:00,9232.5,-83.5,-19.0
2020-05-23 01:22:00,9225.5,-88.5,-22.0
2020-05-23 01:23:00,9227.5,-87.0,-22.0
2020-05-23 01:24:00,9227.5,-87.0,-22.0
2020-05-23 01:25:00,9219.5,-89.0,-21.5
2020-05-23 01:26:00,9226.5,-88.0,-21.5
2020-05-23 01:27:00,9230.5,-85.0,-18.0
2020-05-23 01:28:00,9229.5,-85.5,-19.0
2020-05-23 01:29:00,9229.5,-86.5,-20.0
2020-05-23 01:30:00,9238.5,-79.0,-17.5
2020-05-23 01:31:00,9236.5,-81.0,-20.5
2020-05-23 01:32:00,9228.5,-84.5,-18.0
2020-05-23 01:33:00,9223.5,-83.0,-19.0
2020-05-23 01:34:00,9209.5,-86.0,-17.0
2020-05-23 01:35:00,9198.5,-86.0,-17.0
2020-05-23 01:36:00,9204.5,-85.5,-20.0
2020-05-23 01:37:00,9199.5,-86.5,-20.5
2020-05-23 01:38:00,9205.5,-82.0,-18.0
2020-05-23 01:39:00,9197.5,-86.0,-19.5
2020-05-23 01:40:00,9200.5,-85.0,-17.5
2020-05-23 01:41:00,9207.5,-85.5,-17.0
2020-05-23 01:42:00,9205.5,-86.5,-19.0
2020-05-23 01:43:00,9208.5,-83.5,-16.0
2020-05-23 01:44:00,9216.5,-80.5,-15.0
2020-05-23 01:45:00,9208.5,-86.0,-18.5
2020-05-23 01:46:00,9213.5,-82.0,-16.0
2020-05-23 01:47:00,9215.5,-81.0,-14.0
2020-05-23 01:48:00,9219.5,-80.0,-17.0
2020-05-23 01:49:00,9203.5,-83.5,-22.5
2020-05-23 01:50:00,9206.5,-83.0,-17.0
2020-05-23 01:51:00,9205.5,-80.5,-15.0
2020-05-23 01:52:00,9201.5,-81.0,-17.0
2020-05-23 01:53:00,9204.5,-83.5,-16.0
2020-05-23 01:54:00,9205.5,-81.5,-15.0
2020-05-23 01:55:00,9202.5,-81.5,-17.5
2020-05-23 01:56:00,9202.5,-80.0,-16.5
2020-05-23 01:57:00,9187.5,-84.0,-19.0
2020-05-23 01:58:00,9192.5,-85.5,-17.5
2020-05-23 01:59:00,9196.5,-85.0,-17.5
2020-05-23 02:00:00,9198.5,-85.5,-18.5
2020-05-23 02:01:00,9204.5,-85.0,-18.5
2020-05-23 02:02:00,9209.5,-83.5,-19.0
2020-05-23 02:03:00,9206.5,-86.5,-20.5
2020-05-23 02:04:00,9205.5,-85.5,-24.5
2020-05-23 02:05:00,9208.5,-85.5,-21.5
2020-05-23 02:06:00,9204.5,-86.5,-25.5
2020-05-23 02:07:00,9202.5,-86.0,-21.5
2020-05-23 02:08:00,9204.5,-86.5,-19.5
2020-05-23 02:09:00,9202.5,-86.0,-21.5
2020-05-23 02:10:00,9204.5,-89.5,-24.5
2020-05-23 02:11:00,9212.5,-84.5,-22.5
2020-05-23 02:12:00,9210.5,-84.0,-19.5
2020-05-23 02:13:00,9210.5,-85.0,-19.0
2020-05-23 02:14:00,9217.5,-81.5,-21.0
2020-05-23 02:15:00,9214.5,-83.0,-21.0
2020-05-23 02:16:00,9213.5,-84.5,-23.0
2020-05-23 02:17:00,9210.5,-85.5,-22.0
2020-05-23 02:18:00,9215.5,-81.0,-20.5
2020-05-23 02:19:00,9206.5,-83.0,-20.0
2020-05-23 02:20:00,9207.5,-83.5,-20.0
2020-05-23 02:21:00,9205.5,-84.0,-20.0
2020-05-23 02:22:00,9215.5,-80.5,-16.5
2020-05-23 02:23:00,9210.5,-83.5,-20.0
2020-05-23 02:24:00,9212.5,-83.0,-19.5
2020-05-23 02:25:00,9211.5,-84.0,-19.5
2020-05-23 02:26:00,9215.5,-80.5,-18.5
2020-05-23 02:27:00,9214.5,-81.5,-17.5
2020-05-23 02:28:00,9218.5,-78.0,-19.5
2020-05-23 02:29:00,9228.5,-69.0,-14.5
2020-05-23 02:30:00,9225.5,-72.0,-17.5
2020-05-23 02:31:00,9219.5,-77.5,-21.5
2020-05-23 02:32:00,9223.5,-74.0,-17.0
2020-05-23 02:33:00,9223.5,-74.0,-18.5
2020-05-23 02:34:00,9221.5,-76.0,-21.0
2020-05-23 02:35:00,9219.5,-78.0,-20.5
2020-05-23 02:36:00,9219.5,-78.0,-21.0
2020-05-23 02:37:00,9219.5,-77.0,-20.5
2020-05-23 02:38:00,9211.5,-82.0,-23.5
2020-05-23 02:39:00,9214.5,-78.5,-17.0
2020-05-23 02:40:00,9207.5,-82.5,-23.5
2020-05-23 02:41:00,9190.5,-80.0,-17.0
2020-05-23 02:42:00,9193.5,-80.5,-17.0
2020-05-23 02:43:00,9199.5,-80.0,-16.0
2020-05-23 02:44:00,9194.5,-80.0,-16.5
2020-05-23 02:45:00,9195.5,-82.0,-16.0
2020-05-23 02:46:00,9194.5,-80.5,-15.0
2020-05-23 02:47:00,9193.5,-82.5,-18.5
2020-05-23 02:48:00,9197.5,-80.0,-15.0
2020-05-23 02:49:00,9193.5,-80.5,-19.5
2020-05-23 02:50:00,9195.5,-79.5,-15.5
2020-05-23 02:51:00,9195.5,-78.0,-15.5
2020-05-23 02:52:00,9196.5,-78.0,-14.0
2020-05-23 02:53:00,9187.5,-82.5,-18.0
2020-05-23 02:54:00,9193.5,-78.5,-12.0
2020-05-23 02:55:00,9193.5,-78.5,-12.0
2020-05-23 02:56:00,9194.5,-77.5,-14.0
2020-05-23 02:57:00,9191.5,-80.0,-17.0
2020-05-23 02:58:00,9193.5,-78.0,-15.0
2020-05-23 02:59:00,9175.5,-82.0,-23.0
2020-05-23 03:00:00,9203.0,-79.0,-14.0
2020-05-23 03:01:00,9204.5,-77.5,-13.0
2020-05-23 03:02:00,9201.5,-81.0,-16.0
2020-05-23 03:03:00,9207.5,-77.0,-16.0
2020-05-23 03:04:00,9212.0,-72.5,-14.5
2020-05-23 03:05:00,9214.5,-79.0,-15.0
2020-05-23 03:06:00,9208.5,-82.0,-19.5
2020-05-23 03:07:00,9213.5,-80.5,-14.5
2020-05-23 03:08:00,9214.5,-80.5,-17.0
2020-05-23 03:09:00,9214.5,-80.0,-17.0
2020-05-23 03:10:00,9210.5,-81.5,-21.0
2020-05-23 03:11:00,9211.5,-82.0,-21.0
2020-05-23 03:12:00,9214.5,-79.5,-19.0
2020-05-23 03:13:00,9218.5,-78.0,-15.0
2020-05-23 03:14:00,9217.0,-77.5,-14.5
2020-05-23 03:15:00,9217.5,-78.5,-16.5
2020-05-23 03:16:00,9217.5,-79.0,-16.5
2020-05-23 03:17:00,9218.5,-79.0,-16.0
2020-05-23 03:18:00,9212.5,-80.0,-18.5
2020-05-23 03:19:00,9212.5,-78.5,-15.0
2020-05-23 03:20:00,9206.5,-78.0,-18.0
2020-05-23 03:21:00,9208.5,-80.0,-16.0
2020-05-23 03:22:00,9207.5,-80.5,-18.0
2020-05-23 03:23:00,9204.5,-81.0,-19.0
2020-05-23 03:24:00,9197.5,-80.0,-20.0
2020-05-23 03:25:00,9203.5,-82.5,-19.5
2020-05-23 03:26:00,9197.5,-81.0,-19.5
2020-05-23 03:27:00,9199.5,-80.0,-17.5
2020-05-23 03:28:00,9199.5,-82.0,-17.5
2020-05-23 03:29:00,9200.5,-81.0,-16.5
2020-05-23 03:30:00,9200.5,-80.5,-16.5
2020-05-23 03:31:00,9187.5,-82.5,-22.5
2020-05-23 03:32:00,9194.5,-78.0,-15.5
2020-05-23 03:33:00,9187.5,-80.5,-21.0
2020-05-23 03:34:00,9187.5,-81.5,-19.0
2020-05-23 03:35:00,9189.5,-79.5,-17.0
2020-05-23 03:36:00,9192.5,-79.5,-14.0
2020-05-23 03:37:00,9186.5,-79.0,-15.0
2020-05-23 03:38:00,9183.5,-80.5,-15.0
2020-05-23 03:39:00,9172.5,-77.0,-9.5
2020-05-23 03:40:00,9173.5,-80.0,-13.5
2020-05-23 03:41:00,9170.5,-83.5,-19.0
2020-05-23 03:42:00,9168.5,-84.0,-19.0
2020-05-23 03:43:00,9171.5,-82.0,-17.0
2020-05-23 03:44:00,9172.5,-82.5,-13.5
2020-05-23 03:45:00,9169.5,-81.0,-15.0
2020-05-23 03:46:00,9170.5,-80.0,-15.5
2020-05-23 03:47:00,9164.5,-80.0,-19.0
2020-05-23 03:48:00,9158.5,-81.0,-14.0
2020-05-23 03:49:00,9161.5,-82.0,-15.0
2020-05-23 03:50:00,9158.5,-78.5,-18.0
2020-05-23 03:51:00,9152.5,-81.5,-18.0
2020-05-23 03:52:00,9164.5,-79.5,-12.0
2020-05-23 03:53:00,9171.5,-80.5,-15.0
2020-05-23 03:54:00,9180.5,-79.5,-14.5
2020-05-23 03:55:00,9179.5,-78.5,-15.0
2020-05-23 03:56:00,9178.5,-78.0,-16.0
2020-05-23 03:57:00,9175.5,-78.5,-19.0
2020-05-23 03:58:00,9175.5,-81.0,-19.0
2020-05-23 03:59:00,9174.5,-80.0,-16.0
2020-05-23 04:00:00,9174.5,-82.5,-17.5
2020-05-23 04:01:00,9161.5,-80.5,-19.5
2020-05-23 04:02:00,9168.5,-80.0,-13.5
2020-05-23 04:03:00,9160.5,-80.5,-17.5
2020-05-23 04:04:00,9169.5,-80.5,-18.5
2020-05-23 04:05:00,9163.5,-80.5,-17.0
2020-05-23 04:06:00,9161.5,-76.0,-16.5
2020-05-23 04:07:00,9161.5,-77.5,-15.0
2020-05-23 04:08:00,9156.5,-82.5,-16.5
2020-05-23 04:09:00,9153.5,-78.5,-13.5
2020-05-23 04:10:00,9147.5,-78.0,-11.0
2020-05-23 04:11:00,9149.5,-79.5,-13.5
2020-05-23 04:12:00,9153.5,-79.5,-22.0
2020-05-23 04:13:00,9153.5,-82.5,-17.5
2020-05-23 04:14:00,9153.5,-81.0,-17.5
2020-05-23 04:15:00,9165.5,-79.0,-13.5
2020-05-23 04:16:00,9161.5,-81.5,-17.5
2020-05-23 04:17:00,9156.5,-79.0,-17.0
2020-05-23 04:18:00,9150.5,-81.5,-16.0
2020-05-23 04:19:00,9158.5,-81.5,-15.0
2020-05-23 04:20:00,9152.5,-83.5,-18.5
2020-05-23 04:21:00,9146.5,-84.5,-19.0
2020-05-23 04:22:00,9149.5,-82.5,-16.0
2020-05-23 04:23:00,9162.5,-84.0,-16.0
2020-05-23 04:24:00,9163.5,-84.5,-19.0
2020-05-23 04:25:00,9163.5,-86.0,-19.0
2020-05-23 04:26:00,9167.5,-88.0,-20.5
2020-05-23 04:27:00,9175.5,-85.0,-16.5
2020-05-23 04:28:00,9174.5,-83.0,-16.0
2020-05-23 04:29:00,9169.5,-84.0,-19.5
2020-05-23 04:30:00,9168.5,-84.0,-20.5
2020-05-23 04:31:00,9177.5,-84.5,-14.0
2020-05-23 04:32:00,9183.0,-83.0,-20.5
2020-05-23 04:33:00,9181.5,-82.5,-16.0
2020-05-23 04:34:00,9179.5,-82.0,-17.0
2020-05-23 04:35:00,9179.5,-84.0,-17.0
2020-05-23 04:36:00,9177.5,-81.5,-19.0
2020-05-23 04:37:00,9179.5,-84.5,-17.0
2020-05-23 04:38:00,9184.5,-83.5,-14.0
2020-05-23 04:39:00,9194.5,-84.0,-15.0
2020-05-23 04:40:00,9198.5,-83.5,-21.5
2020-05-23 04:41:00,9199.5,-84.0,-22.5
2020-05-23 04:42:00,9195.5,-84.5,-24.5
2020-05-23 04:43:00,9199.5,-81.5,-17.0
2020-05-23 04:44:00,9190.5,-87.5,-22.5
2020-05-23 04:45:00,9181.5,-90.5,-25.0
2020-05-23 04:46:00,9184.5,-89.5,-22.0
2020-05-23 04:47:00,9185.5,-92.5,-25.5
2020-05-23 04:48:00,9197.5,-90.0,-20.0
2020-05-23 04:49:00,9204.5,-89.5,-26.0
2020-05-23 04:50:00,9201.5,-89.0,-29.5
2020-05-23 04:51:00,9201.5,-91.0,-29.5
2020-05-23 04:52:00,9195.5,-90.5,-26.5
2020-05-23 04:53:00,9195.5,-90.5,-26.5
2020-05-23 04:54:00,9189.5,-91.0,-30.0
2020-05-23 04:55:00,9196.5,-89.5,-19.0
2020-05-23 04:56:00,9191.5,-90.5,-26.0
2020-05-23 04:57:00,9190.5,-92.0,-27.0
2020-05-23 04:58:00,9189.5,-90.5,-26.5
2020-05-23 04:59:00,9187.5,-93.0,-25.0
2020-05-23 05:00:00,9180.5,-88.0,-25.0
2020-05-23 05:01:00,9183.5,-91.5,-21.5
2020-05-23 05:02:00,9189.5,-90.5,-24.5
2020-05-23 05:03:00,9189.5,-90.5,-24.5
2020-05-23 05:04:00,9196.5,-91.5,-25.0
2020-05-23 05:05:00,9185.5,-93.0,-38.0
2020-05-23 05:06:00,9191.5,-90.5,-32.0
2020-05-23 05:07:00,9192.5,-91.5,-31.0
2020-05-23 05:08:00,9192.5,-91.5,-31.0
2020-05-23 05:09:00,9192.5,-92.5,-31.0
2020-05-23 05:10:00,9192.5,-93.0,-31.0
2020-05-23 05:11:00,9192.5,-92.5,-31.0
2020-05-23 05:12:00,9192.5,-93.5,-32.0
2020-05-23 05:13:00,9193.5,-92.5,-31.5
2020-05-23 05:14:00,9194.5,-91.5,-30.5
2020-05-23 05:15:00,9194.5,-91.5,-30.5
2020-05-23 05:16:00,9194.5,-91.0,-30.5
2020-05-23 05:17:00,9194.5,-91.0,-30.5
2020-05-23 05:18:00,9193.5,-90.5,-31.5
2020-05-23 05:19:00,9185.5,-90.5,-38.0
2020-05-23 05:20:00,9182.0,-94.5,-29.0
2020-05-23 05:21:00,9184.5,-91.0,-26.5
2020-05-23 05:22:00,9185.5,-90.0,-25.5
2020-05-23 05:23:00,9185.5,-90.5,-25.5
2020-05-23 05:24:00,9185.5,-91.0,-25.5
2020-05-23 05:25:00,9189.5,-88.5,-21.5
2020-05-23 05:26:00,9190.5,-90.0,-20.5
2020-05-23 05:27:00,9193.5,-88.5,-17.5
2020-05-23 05:28:00,9193.5,-90.5,-17.5
2020-05-23 05:29:00,9193.5,-88.5,-17.5
2020-05-23 05:30:00,9179.5,-90.5,-22.5
2020-05-23 05:31:00,9177.5,-89.0,-22.5
2020-05-23 05:32:00,9172.5,-91.5,-27.5
2020-05-23 05:33:00,9172.5,-92.5,-27.5
2020-05-23 05:34:00,9175.5,-88.5,-24.5
2020-05-23 05:35:00,9172.5,-90.5,-22.5
2020-05-23 05:36:00,9162.5,-91.5,-25.0
2020-05-23 05:37:00,9170.5,-89.0,-17.0
2020-05-23 05:38:00,9174.5,-90.0,-21.0
2020-05-23 05:39:00,9180.5,-89.0,-20.0
2020-05-23 05:40:00,9180.5,-87.5,-19.0
2020-05-23 05:41:00,9180.5,-88.5,-19.0
2020-05-23 05:42:00,9180.5,-88.0,-19.0
2020-05-23 05:43:00,9188.5,-89.0,-17.0
2020-05-23 05:44:00,9190.5,-91.0,-20.5
2020-05-23 05:45:00,9190.5,-90.5,-20.5
2020-05-23 05:46:00,9186.5,-89.5,-24.5
2020-05-23 05:47:00,9186.5,-90.0,-24.5
2020-05-23 05:48:00,9186.5,-86.5,-24.5
2020-05-23 05:49:00,9185.5,-86.5,-25.5
2020-05-23 05:50:00,9184.5,-86.5,-26.5
2020-05-23 05:51:00,9184.5,-86.5,-26.5
2020-05-23 05:52:00,9184.5,-87.5,-26.5
2020-05-23 05:53:00,9189.5,-84.5,-21.5
2020-05-23 05:54:00,9194.5,-89.5,-22.0
2020-05-23 05:55:00,9194.5,-91.0,-24.5
2020-05-23 05:56:00,9194.5,-91.0,-24.5
2020-05-23 05:57:00,9196.5,-89.5,-25.5
2020-05-23 05:58:00,9200.5,-90.0,-22.0
2020-05-23 05:59:00,9202.5,-89.5,-25.0
2020-05-23 06:00:00,9204.5,-89.0,-24.0
2020-05-23 06:01:00,9210.5,-86.5,-25.5
2020-05-23 06:02:00,9210.5,-86.0,-28.0
2020-05-23 06:03:00,9206.5,-88.0,-29.0
2020-05-23 06:04:00,9201.5,-88.5,-26.5
2020-05-23 06:05:00,9200.5,-87.5,-23.0
2020-05-23 06:06:00,9200.5,-89.0,-23.0
2020-05-23 06:07:00,9204.5,-88.5,-24.0
2020-05-23 06:08:00,9204.5,-88.0,-24.0
2020-05-23 06:09:00,9204.5,-88.0,-24.0
2020-05-23 06:10:00,9210.5,-86.0,-22.0
2020-05-23 06:11:00,9210.5,-87.0,-24.0
2020-05-23 06:12:00,9210.5,-85.5,-24.0
2020-05-23 06:13:00,9206.5,-87.0,-24.0
2020-05-23 06:14:00,9205.5,-88.0,-25.0
2020-05-23 06:15:00,9203.5,-86.0,-22.0
2020-05-23 06:16:00,9200.5,-88.0,-20.5
2020-05-23 06:17:00,9199.5,-88.5,-21.5
2020-05-23 06:18:00,9199.5,-89.0,-21.5
2020-05-23 06:19:00,9199.5,-88.5,-21.5
2020-05-23 06:20:00,9199.5,-86.5,-20.5
2020-05-23 06:21:00,9199.5,-85.0,-20.5
2020-05-23 06:22:00,9200.5,-87.5,-19.5
2020-05-23 06:23:00,9200.5,-89.0,-19.5
2020-05-23 06:24:00,9197.5,-87.0,-22.5
2020-05-23 06:25:00,9197.5,-84.0,-22.5
2020-05-23 06:26:00,9197.5,-83.0,-19.5
2020-05-23 06:27:00,9193.5,-83.0,-17.5
2020-05-23 06:28:00,9185.5,-87.0,-20.5
2020-05-23 06:29:00,9188.5,-80.5,-17.0
2020-05-23 06:30:00,9185.5,-84.0,-16.5
2020-05-23 06:31:00,9181.5,-86.5,-20.5
2020-05-23 06:32:00,9191.5,-86.5,-21.0
2020-05-23 06:33:00,9192.5,-87.5,-19.5
2020-05-23 06:34:00,9197.5,-85.0,-18.5
2020-05-23 06:35:00,9197.5,-84.5,-18.5
2020-05-23 06:36:00,9197.5,-87.5,-18.5
2020-05-23 06:37:00,9197.5,-88.0,-18.5
2020-05-23 06:38:00,9197.5,-86.5,-19.5
2020-05-23 06:39:00,9193.5,-87.5,-20.0
2020-05-23 06:40:00,9189.5,-86.5,-18.5
2020-05-23 06:41:00,9189.5,-87.0,-19.0
2020-05-23 06:42:00,9189.5,-85.5,-19.0
2020-05-23 06:43:00,9189.5,-85.5,-19.0
2020-05-23 06:44:00,9190.5,-88.0,-19.5
2020-05-23 06:45:00,9190.5,-89.0,-21.0
2020-05-23 06:46:00,9196.5,-88.5,-20.5
2020-05-23 06:47:00,9199.5,-88.5,-17.5
2020-05-23 06:48:00,9199.5,-87.0,-17.5
2020-05-23 06:49:00,9198.5,-87.5,-18.5
2020-05-23 06:50:00,9203.5,-90.0,-18.5
2020-05-23 06:51:00,9206.5,-87.5,-18.5
2020-05-23 06:52:00,9212.5,-84.5,-20.0
2020-05-23 06:53:00,9211.5,-85.0,-21.5
2020-05-23 06:54:00,9214.5,-83.0,-17.0
2020-05-23 06:55:00,9201.5,-87.0,-22.5
2020-05-23 06:56:00,9201.5,-89.5,-21.5
2020-05-23 06:57:00,9201.5,-89.0,-21.0
2020-05-23 06:58:00,9196.0,-89.5,-26.0
2020-05-23 06:59:00,9194.5,-89.5,-22.5
2020-05-23 07:00:00,9197.5,-88.0,-19.5
2020-05-23 07:01:00,9196.5,-88.5,-20.5
2020-05-23 07:02:00,9192.5,-90.0,-24.5
2020-05-23 07:03:00,9189.5,-89.0,-23.5
2020-05-23 07:04:00,9193.5,-87.0,-20.0
2020-05-23 07:05:00,9190.5,-88.0,-23.0
2020-05-23 07:06:00,9191.5,-88.5,-21.0
2020-05-23 07:07:00,9191.5,-88.0,-21.0
2020-05-23 07:08:00,9191.5,-89.5,-21.0
2020-05-23 07:09:00,9191.5,-88.5,-21.0
2020-05-23 07:10:00,9191.5,-89.0,-21.0
2020-05-23 07:11:00,9191.5,-81.5,-21.0
2020-05-23 07:12:00,9193.5,-86.0,-17.5
2020-05-23 07:13:00,9192.5,-83.0,-21.0
2020-05-23 07:14:00,9184.5,-80.5,-22.0
2020-05-23 07:15:00,9185.5,-82.0,-18.0
2020-05-23 07:16:00,9182.5,-82.0,-19.0
2020-05-23 07:17:00,9172.5,-83.5,-17.5
2020-05-23 07:18:00,9167.5,-85.0,-22.5
2020-05-23 07:19:00,9172.5,-83.5,-17.5
2020-05-23 07:20:00,9174.5,-86.0,-15.5
2020-05-23 07:21:00,9155.5,-83.0,-26.5
2020-05-23 07:22:00,9156.5,-86.5,-19.0
2020-05-23 07:23:00,9158.5,-86.5,-17.0
2020-05-23 07:24:00,9170.5,-89.0,-21.0
2020-05-23 07:25:00,9162.5,-88.5,-21.5
2020-05-23 07:26:00,9162.5,-88.5,-24.0
2020-05-23 07:27:00,9162.5,-85.5,-22.0
2020-05-23 07:28:00,9159.5,-87.0,-22.0
2020-05-23 07:29:00,9154.5,-85.5,-22.5
2020-05-23 07:30:00,9150.5,-81.5,-19.5
2020-05-23 07:31:00,9136.5,-84.5,-21.5
2020-05-23 07:32:00,9133.5,-84.0,-17.5
2020-05-23 07:33:00,9143.5,-85.0,-18.5
2020-05-23 07:34:00,9150.5,-82.0,-15.0
2020-05-23 07:35:00,9142.5,-81.0,-18.5
2020-05-23 07:36:00,9142.5,-83.0,-18.5
2020-05-23 07:37:00,9151.5,-84.0,-16.0
2020-05-23 07:38:00,9153.5,-82.5,-15.0
2020-05-23 07:39:00,9148.5,-80.0,-15.5
2020-05-23 07:40:00,9149.5,-81.0,-12.5
2020-05-23 07:41:00,9153.5,-81.5,-12.5
2020-05-23 07:42:00,9153.5,-83.0,-12.5
2020-05-23 07:43:00,9167.5,-79.5,-9.0
2020-05-23 07:44:00,9166.5,-79.5,-10.5
2020-05-23 07:45:00,9166.5,-77.5,-10.5
2020-05-23 07:46:00,9159.5,-78.0,-17.5
2020-05-23 07:47:00,9157.5,-77.0,-11.5
2020-05-23 07:48:00,9153.5,-76.0,-7.5
2020-05-23 07:49:00,9153.5,-78.5,-9.5
2020-05-23 07:50:00,9153.5,-78.5,-10.5
2020-05-23 07:51:00,9153.5,-76.5,-10.5
2020-05-23 07:52:00,9153.5,-73.5,-9.5
2020-05-23 07:53:00,9158.5,-79.0,-9.0
2020-05-23 07:54:00,9159.5,-77.5,-10.0
2020-05-23 07:55:00,9162.5,-76.0,-10.0
2020-05-23 07:56:00,9162.5,-77.0,-10.0
2020-05-23 07:57:00,9162.5,-77.5,-10.0
2020-05-23 07:58:00,9163.5,-78.0,-10.0
2020-05-23 07:59:00,9164.5,-79.5,-10.0
2020-05-23 08:00:00,9169.5,-79.5,-9.0
2020-05-23 08:01:00,9176.5,-80.5,-11.0
2020-05-23 08:02:00,9173.5,-80.5,-14.0
2020-05-23 08:03:00,9176.5,-82.0,-12.0
2020-05-23 08:04:00,9178.5,-82.0,-14.0
2020-05-23 08:05:00,9172.5,-82.5,-17.0
2020-05-23 08:06:00,9172.5,-82.0,-13.5
2020-05-23 08:07:00,9172.5,-82.5,-14.0
2020-05-23 08:08:00,9175.5,-85.0,-16.0
2020-05-23 08:09:00,9182.5,-83.0,-15.0
2020-05-23 08:10:00,9183.5,-82.0,-14.0
2020-05-23 08:11:00,9186.5,-81.5,-15.5
2020-05-23 08:12:00,9186.5,-80.0,-15.5
2020-05-23 08:13:00,9194.5,-75.0,-11.0
2020-05-23 08:14:00,9192.5,-77.0,-11.0
2020-05-23 08:15:00,9190.5,-79.0,-16.0
2020-05-23 08:16:00,9204.5,-84.5,-17.0
2020-05-23 08:17:00,9195.5,-83.0,-15.5
2020-05-23 08:18:00,9193.5,-84.5,-17.5
2020-05-23 08:19:00,9187.5,-86.0,-17.5
2020-05-23 08:20:00,9191.5,-86.5,-17.0
2020-05-23 08:21:00,9193.5,-84.5,-16.0
2020-05-23 08:22:00,9198.5,-86.5,-21.0
2020-05-23 08:23:00,9199.5,-87.5,-20.0
2020-05-23 08:24:00,9207.5,-88.0,-19.0
2020-05-23 08:25:00,9217.5,-85.5,-19.5
2020-05-23 08:26:00,9233.5,-88.0,-29.5
2020-05-23 08:27:00,9242.5,-86.5,-22.0
2020-05-23 08:28:00,9237.5,-92.0,-22.5
2020-05-23 08:29:00,9238.5,-88.5,-24.0
2020-05-23 08:30:00,9225.5,-90.5,-24.0
2020-05-23 08:31:00,9226.5,-82.5,-24.5
2020-05-23 08:32:00,9229.5,-85.0,-28.5
2020-05-23 08:33:00,9229.5,-85.0,-28.5
2020-05-23 08:34:00,9217.5,-87.0,-30.0
2020-05-23 08:35:00,9228.5,-87.5,-26.5
2020-05-23 08:36:00,9227.5,-85.0,-26.0
2020-05-23 08:37:00,9228.5,-88.0,-25.0
2020-05-23 08:38:00,9225.5,-88.0,-28.0
2020-05-23 08:39:00,9227.5,-89.0,-26.0
2020-05-23 08:40:00,9228.5,-90.5,-25.0
2020-05-23 08:41:00,9237.5,-88.0,-23.5
2020-05-23 08:42:00,9230.5,-88.0,-30.5
2020-05-23 08:43:00,9231.0,-88.5,-30.0
2020-05-23 08:44:00,9227.5,-90.5,-31.0
2020-05-23 08:45:00,9222.5,-90.0,-29.0
2020-05-23 08:46:00,9236.5,-89.0,-24.5
2020-05-23 08:47:00,9244.5,-88.0,-25.5
2020-05-23 08:48:00,9240.5,-89.0,-24.5
2020-05-23 08:49:00,9243.5,-88.5,-26.5
2020-05-23 08:50:00,9233.5,-88.5,-30.0
2020-05-23 08:51:00,9243.5,-86.5,-23.0
2020-05-23 08:52:00,9249.5,-91.0,-30.0
2020-05-23 08:53:00,9249.5,-95.0,-30.0
2020-05-23 08:54:00,9255.5,-86.0,-24.5
2020-05-23 08:55:00,9256.5,-86.5,-25.0
2020-05-23 08:56:00,9250.5,-89.5,-31.5
2020-05-23 08:57:00,9246.5,-84.0,-26.5
2020-05-23 08:58:00,9252.5,-88.5,-22.5
2020-05-23 08:59:00,9251.5,-85.0,-25.5
2020-05-23 09:00:00,9247.5,-86.0,-27.0
2020-05-23 09:01:00,9244.5,-84.5,-27.5
2020-05-23 09:02:00,9238.5,-80.5,-26.5
2020-05-23 09:03:00,9233.5,-85.5,-27.0
2020-05-23 09:04:00,9233.5,-87.0,-26.5
2020-05-23 09:05:00,9233.5,-90.0,-26.5
2020-05-23 09:06:00,9238.5,-88.0,-21.5
2020-05-23 09:07:00,9233.5,-85.5,-26.5
2020-05-23 09:08:00,9233.5,-84.5,-25.5
2020-05-23 09:09:00,9241.5,-86.0,-23.0
2020-05-23 09:10:00,9249.5,-88.5,-24.0
2020-05-23 09:11:00,9258.5,-85.0,-21.0
2020-05-23 09:12:00,9258.5,-83.5,-24.0
2020-05-23 09:13:00,9256.5,-87.0,-26.0
2020-05-23 09:14:00,9268.5,-83.5,-19.0
2020-05-23 09:15:00,9270.5,-80.5,-22.0
2020-05-23 09:16:00,9260.5,-83.0,-23.0
2020-05-23 09:17:00,9260.5,-81.0,-21.5
2020-05-23 09:18:00,9260.5,-79.5,-21.5
2020-05-23 09:19:00,9256.5,-79.5,-21.5
2020-05-23 09:20:00,9256.5,-80.5,-20.5
2020-05-23 09:21:00,9258.5,-80.0,-18.5
2020-05-23 09:22:00,9247.5,-80.5,-23.5
2020-05-23 09:23:00,9242.5,-81.0,-17.5
2020-05-23 09:24:00,9248.5,-81.0,-18.0
2020-05-23 09:25:00,9255.5,-83.0,-19.0
2020-05-23 09:26:00,9252.5,-84.5,-21.5
2020-05-23 09:27:00,9246.5,-89.5,-27.5
2020-05-23 09:28:00,9242.5,-86.5,-23.5
2020-05-23 09:29:00,9242.5,-82.5,-21.0
2020-05-23 09:30:00,9240.5,-81.0,-22.0
2020-05-23 09:31:00,9237.5,-86.0,-23.5
2020-05-23 09:32:00,9248.5,-85.0,-23.0
2020-05-23 09:33:00,9242.5,-85.0,-22.0
2020-05-23 09:34:00,9249.5,-89.5,-29.0
2020-05-23 09:35:00,9250.5,-86.5,-28.0
2020-05-23 09:36:00,9255.5,-82.0,-23.0
2020-05-23 09:37:00,9255.5,-82.0,-23.0
2020-05-23 09:38:00,9251.5,-84.0,-24.5
2020-05-23 09:39:00,9243.5,-87.0,-26.5
2020-05-23 09:40:00,9243.5,-86.0,-26.5
2020-05-23 09:41:00,9243.5,-85.5,-26.5
2020-05-23 09:42:00,9243.5,-84.5,-26.5
2020-05-23 09:43:00,9240.5,-85.0,-22.5
2020-05-23 09:44:00,9240.5,-84.0,-22.5
2020-05-23 09:45:00,9240.5,-85.0,-22.5
2020-05-23 09:46:00,9247.5,-87.5,-20.5
2020-05-23 09:47:00,9249.5,-83.0,-18.5
2020-05-23 09:48:00,9246.5,-84.5,-21.5
2020-05-23 09:49:00,9246.5,-85.0,-21.5
2020-05-23 09:50:00,9246.5,-84.5,-21.5
2020-05-23 09:51:00,9243.5,-86.5,-24.5
2020-05-23 09:52:00,9245.5,-84.5,-22.5
2020-05-23 09:53:00,9238.5,-86.0,-27.5
2020-05-23 09:54:00,9238.5,-85.5,-26.5
2020-05-23 09:55:00,9237.5,-88.0,-27.5
2020-05-23 09:56:00,9236.5,-88.0,-28.5
2020-05-23 09:57:00,9233.5,-86.5,-26.0
2020-05-23 09:58:00,9231.5,-88.5,-28.0
2020-05-23 09:59:00,9237.5,-87.0,-22.0
2020-05-23 10:00:00,9239.5,-89.5,-26.0
2020-05-23 10:01:00,9239.5,-86.0,-26.0
2020-05-23 10:02:00,9238.5,-86.5,-27.0
2020-05-23 10:03:00,9239.5,-88.0,-26.0
2020-05-23 10:04:00,9253.5,-81.0,-24.5
2020-05-23 10:05:00,9253.5,-80.5,-25.5
2020-05-23 10:06:00,9260.5,-79.0,-24.5
2020-05-23 10:07:00,9261.5,-86.0,-27.0
2020-05-23 10:08:00,9261.5,-85.5,-27.0
2020-05-23 10:09:00,9261.5,-86.0,-22.5
2020-05-23 10:10:00,9261.5,-86.0,-25.5
2020-05-23 10:11:00,9269.5,-85.5,-26.0
2020-05-23 10:12:00,9269.5,-85.5,-26.0
2020-05-23 10:13:00,9264.5,-84.0,-23.5
2020-05-23 10:14:00,9263.5,-84.5,-24.5
2020-05-23 10:15:00,9265.0,-85.0,-24.5
2020-05-23 10:16:00,9265.5,-84.5,-24.0
2020-05-23 10:17:00,9261.5,-83.5,-23.5
2020-05-23 10:18:00,9261.5,-84.0,-24.5
2020-05-23 10:19:00,9261.5,-84.5,-24.0
2020-05-23 10:20:00,9261.5,-84.5,-22.5
2020-05-23 10:21:00,9254.5,-86.0,-27.5
2020-05-23 10:22:00,9256.5,-86.5,-24.0
2020-05-23 10:23:00,9256.5,-87.0,-24.0
2020-05-23 10:24:00,9254.5,-87.5,-24.5
2020-05-23 10:25:00,9254.5,-86.5,-24.5
2020-05-23 10:26:00,9252.5,-87.5,-26.5
2020-05-23 10:27:00,9250.5,-86.5,-27.0
2020-05-23 10:28:00,9256.0,-84.0,-24.5
2020-05-23 10:29:00,9258.5,-86.0,-24.5
2020-05-23 10:30:00,9259.5,-86.0,-26.5
2020-05-23 10:31:00,9265.5,-86.5,-21.0
2020-05-23 10:32:00,9273.5,-83.0,-22.0
2020-05-23 10:33:00,9280.5,-89.0,-23.5
2020-05-23 10:34:00,9275.5,-89.5,-25.0
2020-05-23 10:35:00,9275.5,-90.5,-25.0
2020-05-23 10:36:00,9270.5,-85.5,-26.5
2020-05-23 10:37:00,9270.5,-85.5,-24.5
2020-05-23 10:38:00,9270.5,-87.5,-24.0
2020-05-23 10:39:00,9276.5,-86.5,-21.0
2020-05-23 10:40:00,9289.5,-89.0,-23.0
2020-05-23 10:41:00,9286.5,-92.0,-29.0
2020-05-23 10:42:00,9286.5,-94.0,-28.5
2020-05-23 10:43:00,9286.5,-89.5,-27.0
2020-05-23 10:44:00,9287.5,-89.0,-25.5
2020-05-23 10:45:00,9284.5,-86.5,-24.0
2020-05-23 10:46:00,9272.5,-89.0,-27.5
2020-05-23 10:47:00,9276.5,-88.5,-26.0
2020-05-23 10:48:00,9276.5,-88.0,-26.0
2020-05-23 10:49:00,9273.5,-89.0,-26.5
2020-05-23 10:50:00,9272.5,-86.5,-27.5
2020-05-23 10:51:00,9268.5,-86.5,-24.5
2020-05-23 10:52:00,9275.5,-88.5,-25.0
2020-05-23 10:53:00,9267.5,-84.5,-25.5
2020-05-23 10:54:00,9267.5,-86.5,-25.5
2020-05-23 10:55:00,9274.5,-88.5,-23.5
2020-05-23 10:56:00,9275.5,-86.5,-22.5
2020-05-23 10:57:00,9274.5,-84.5,-23.5
2020-05-23 10:58:00,9276.5,-85.0,-21.5
2020-05-23 10:59:00,9275.5,-84.5,-22.5
2020-05-23 11:00:00,9275.5,-84.0,-22.0
2020-05-23 11:01:00,9281.5,-84.5,-23.5
2020-05-23 11:02:00,9283.5,-84.5,-22.0
2020-05-23 11:03:00,9285.5,-86.0,-23.5
2020-05-23 11:04:00,9299.5,-85.5,-21.0
2020-05-23 11:05:00,9299.5,-83.0,-22.0
2020-05-23 11:06:00,9300.5,-82.0,-21.0
2020-05-23 11:07:00,9295.5,-85.0,-22.5
2020-05-23 11:08:00,9294.5,-85.5,-23.5
2020-05-23 11:09:00,9304.5,-83.5,-23.0
2020-05-23 11:10:00,9303.5,-87.0,-22.5
2020-05-23 11:11:00,9297.5,-85.0,-22.0
2020-05-23 11:12:00,9297.5,-85.5,-20.5
2020-05-23 11:13:00,9289.5,-86.0,-23.5
2020-05-23 11:14:00,9292.5,-81.5,-20.5
2020-05-23 11:15:00,9289.5,-84.0,-20.5
2020-05-23 11:16:00,9303.5,-86.0,-21.0
2020-05-23 11:17:00,9303.5,-85.5,-22.5
2020-05-23 11:18:00,9308.5,-83.0,-18.5
2020-05-23 11:19:00,9309.5,-85.0,-18.0
2020-05-23 11:20:00,9296.5,-85.5,-21.5
2020-05-23 11:21:00,9301.5,-82.0,-17.5
2020-05-23 11:22:00,9304.5,-83.5,-15.0
2020-05-23 11:23:00,9306.5,-82.5,-17.5
2020-05-23 11:24:00,9304.5,-86.0,-19.5
2020-05-23 11:25:00,9309.5,-83.5,-15.0
2020-05-23 11:26:00,9305.5,-84.0,-15.5
2020-05-23 11:27:00,9305.5,-83.5,-15.5
2020-05-23 11:28:00,9305.5,-84.5,-15.5
2020-05-23 11:29:00,9301.5,-82.5,-18.0
2020-05-23 11:30:00,9301.5,-81.5,-17.5
2020-05-23 11:31:00,9300.5,-79.5,-18.5
2020-05-23 11:32:00,9298.5,-81.5,-20.5
2020-05-23 11:33:00,9292.5,-80.0,-17.0
2020-05-23 11:34:00,9292.5,-77.5,-14.0
2020-05-23 11:35:00,9288.5,-82.0,-17.5
2020-05-23 11:36:00,9285.5,-82.5,-19.0
2020-05-23 11:37:00,9291.5,-82.5,-18.0
2020-05-23 11:38:00,9294.5,-83.5,-19.0
2020-05-23 11:39:00,9295.5,-84.5,-18.0
2020-05-23 11:40:00,9286.0,-84.0,-26.0
2020-05-23 11:41:00,9282.5,-81.0,-17.5
2020-05-23 11:42:00,9282.5,-85.5,-17.5
2020-05-23 11:43:00,9283.5,-82.0,-16.5
2020-05-23 11:44:00,9283.5,-82.5,-16.5
2020-05-23 11:45:00,9283.5,-85.5,-19.0
2020-05-23 11:46:00,9289.5,-84.5,-20.5
2020-05-23 11:47:00,9288.5,-83.5,-19.5
2020-05-23 11:48:00,9288.5,-85.5,-18.0
2020-05-23 11:49:00,9284.5,-79.5,-18.0
2020-05-23 11:50:00,9275.5,-81.5,-19.0
2020-05-23 11:51:00,9273.5,-81.0,-17.5
2020-05-23 11:52:00,9273.5,-84.5,-19.0
2020-05-23 11:53:00,9273.5,-85.5,-19.0
2020-05-23 11:54:00,9279.5,-81.5,-13.0
2020-05-23 11:55:00,9279.5,-80.5,-15.0
2020-05-23 11:56:00,9281.5,-80.5,-15.5
2020-05-23 11:57:00,9284.5,-79.0,-16.0
2020-05-23 11:58:00,9284.5,-79.0,-16.0
2020-05-23 11:59:00,9285.5,-78.0,-15.0
2020-05-23 12:00:00,9287.5,-76.0,-13.0
2020-05-23 12:01:00,9284.5,-78.5,-16.0
2020-05-23 12:02:00,9287.5,-76.0,-13.0
2020-05-23 12:03:00,9287.5,-76.0,-13.0
2020-05-23 12:04:00,9284.5,-79.0,-16.0
2020-05-23 12:05:00,9284.5,-79.0,-16.0
2020-05-23 12:06:00,9284.5,-78.5,-16.0
2020-05-23 12:07:00,9281.5,-80.0,-18.5
2020-05-23 12:08:00,9276.5,-79.5,-17.5
2020-05-23 12:09:00,9276.5,-81.5,-17.5
2020-05-23 12:10:00,9278.5,-80.5,-17.0
2020-05-23 12:11:00,9278.5,-77.5,-17.0
2020-05-23 12:12:00,9275.5,-79.5,-18.5
2020-05-23 12:13:00,9277.5,-82.0,-16.5
2020-05-23 12:14:00,9277.5,-81.5,-16.5
2020-05-23 12:15:00,9277.5,-78.5,-16.5
2020-05-23 12:16:00,9277.5,-80.5,-15.0
2020-05-23 12:17:00,9277.5,-81.5,-16.5
2020-05-23 12:18:00,9282.5,-81.0,-20.5
2020-05-23 12:19:00,9289.5,-80.5,-20.0
2020-05-23 12:20:00,9298.5,-79.0,-20.5
2020-05-23 12:21:00,9298.5,-79.0,-20.5
2020-05-23 12:22:00,9295.5,-81.5,-22.5
2020-05-23 12:23:00,9295.5,-80.5,-22.5
2020-05-23 12:24:00,9291.5,-80.5,-21.5
2020-05-23 12:25:00,9294.5,-80.5,-18.5
2020-05-23 12:26:00,9294.5,-81.0,-18.5
2020-05-23 12:27:00,9294.5,-81.5,-18.5
2020-05-23 12:28:00,9291.5,-79.0,-20.5
2020-05-23 12:29:00,9295.5,-80.0,-17.5
2020-05-23 12:30:00,9299.5,-80.0,-22.5
2020-05-23 12:31:00,9293.5,-77.5,-16.0
2020-05-23 12:32:00,9292.5,-80.0,-19.0
2020-05-23 12:33:00,9292.5,-79.5,-19.0
2020-05-23 12:34:00,9282.5,-77.5,-22.0
2020-05-23 12:35:00,9281.5,-80.0,-16.0
2020-05-23 12:36:00,9274.5,-81.5,-21.5
2020-05-23 12:37:00,9263.5,-82.0,-19.0
2020-05-23 12:38:00,9264.5,-80.5,-14.0
2020-05-23 12:39:00,9267.5,-80.5,-15.0
2020-05-23 12:40:00,9253.5,-82.0,-22.5
2020-05-23 12:41:00,9259.5,-81.5,-18.5
2020-05-23 12:42:00,9268.5,-79.5,-13.5
2020-05-23 12:43:00,9267.5,-77.0,-14.5
2020-05-23 12:44:00,9264.5,-77.5,-17.5
2020-05-23 12:45:00,9259.5,-75.5,-14.0
2020-05-23 12:46:00,9259.5,-80.5,-12.0
2020-05-23 12:47:00,9264.5,-75.5,-10.5
2020-05-23 12:48:00,9253.5,-75.0,-16.5
2020-05-23 12:49:00,9258.5,-78.0,-14.0
2020-05-23 12:50:00,9254.5,-75.5,-10.5
2020-05-23 12:51:00,9255.5,-75.5,-11.0
2020-05-23 12:52:00,9249.5,-77.0,-12.0
2020-05-23 12:53:00,9246.5,-77.5,-15.0
2020-05-23 12:54:00,9259.5,-78.5,-10.5
2020-05-23 12:55:00,9260.5,-78.0,-12.5
2020-05-23 12:56:00,9260.5,-78.5,-12.5
2020-05-23 12:57:00,9262.5,-75.0,-12.0
2020-05-23 12:58:00,9261.5,-77.5,-13.0
2020-05-23 12:59:00,9261.5,-75.0,-14.5
2020-05-23 13:00:00,9259.5,-76.5,-14.0
2020-05-23 13:01:00,9248.5,-77.5,-15.0
2020-05-23 13:02:00,9252.5,-74.5,-14.0
2020-05-23 13:03:00,9260.5,-77.0,-13.0
2020-05-23 13:04:00,9255.5,-76.5,-13.0
2020-05-23 13:05:00,9255.5,-78.5,-13.0
2020-05-23 13:06:00,9261.5,-77.0,-14.0
2020-05-23 13:07:00,9262.5,-77.0,-13.0
2020-05-23 13:08:00,9269.5,-76.5,-12.5
2020-05-23 13:09:00,9275.5,-71.0,-6.5
2020-05-23 13:10:00,9265.5,-74.5,-11.5
2020-05-23 13:11:00,9267.5,-75.5,-9.5
2020-05-23 13:12:00,9266.5,-73.5,-10.5
2020-05-23 13:13:00,9262.5,-78.0,-14.0
2020-05-23 13:14:00,9262.5,-78.0,-14.0
2020-05-23 13:15:00,9265.5,-78.0,-11.0
2020-05-23 13:16:00,9258.5,-76.0,-13.5
2020-05-23 13:17:00,9260.5,-76.5,-11.5
2020-05-23 13:18:00,9256.5,-72.0,-12.5
2020-05-23 13:19:00,9253.5,-74.0,-12.5
2020-05-23 13:20:00,9252.5,-77.5,-12.5
2020-05-23 13:21:00,9252.5,-73.5,-10.5
2020-05-23 13:22:00,9251.5,-74.5,-10.0
2020-05-23 13:23:00,9251.5,-75.5,-10.0
2020-05-23 13:24:00,9251.5,-73.5,-10.0
2020-05-23 13:25:00,9255.5,-76.0,-12.5
2020-05-23 13:26:00,9257.5,-74.5,-10.5
2020-05-23 13:27:00,9255.5,-73.5,-11.5
2020-05-23 13:28:00,9252.5,-73.5,-11.0
2020-05-23 13:29:00,9256.5,-75.5,-11.5
2020-05-23 13:30:00,9255.5,-74.0,-12.5
2020-05-23 13:31:00,9253.5,-72.5,-11.5
2020-05-23 13:32:00,9252.5,-77.0,-14.5
2020-05-23 13:33:00,9252.5,-76.0,-14.5
2020-05-23 13:34:00,9241.5,-70.0,-10.0
2020-05-23 13:35:00,9242.5,-72.0,-11.0
2020-05-23 13:36:00,9242.5,-72.0,-11.0
2020-05-23 13:37:00,9246.5,-74.5,-9.0
2020-05-23 13:38:00,9246.5,-73.5,-9.0
2020-05-23 13:39:00,9249.5,-71.5,-9.5
2020-05-23 13:40:00,9254.5,-74.0,-10.0
2020-05-23 13:41:00,9254.5,-73.0,-13.5
2020-05-23 13:42:00,9256.5,-73.5,-11.5
2020-05-23 13:43:00,9252.5,-74.0,-15.5
2020-05-23 13:44:00,9252.5,-74.5,-13.5
2020-05-23 13:45:00,9254.5,-73.0,-11.5
2020-05-23 13:46:00,9254.5,-73.0,-11.5
2020-05-23 13:47:00,9259.5,-70.5,-10.0
2020-05-23 13:48:00,9259.5,-72.5,-10.0
2020-05-23 13:49:00,9262.5,-69.5,-8.0
2020-05-23 13:50:00,9263.5,-68.5,-8.5
2020-05-23 13:51:00,9263.5,-68.0,-8.5
2020-05-23 13:52:00,9260.5,-71.0,-11.5
2020-05-23 13:53:00,9260.5,-70.5,-11.5
2020-05-23 13:54:00,9260.5,-71.0,-11.5
2020-05-23 13:55:00,9260.5,-71.0,-11.5
2020-05-23 13:56:00,9265.5,-67.0,-6.5
2020-05-23 13:57:00,9264.5,-69.0,-8.5
2020-05-23 13:58:00,9269.5,-72.5,-9.5
2020-05-23 13:59:00,9269.5,-72.5,-9.5
2020-05-23 14:00:00,9269.5,-72.5,-9.5
2020-05-23 14:01:00,9248.5,-69.5,-8.5
2020-05-23 14:02:00,9244.5,-72.0,-10.0
2020-05-23 14:03:00,9241.5,-72.0,-12.5
2020-05-23 14:04:00,9236.5,-72.5,-10.5
2020-05-23 14:05:00,9238.5,-74.5,-10.5
2020-05-23 14:06:00,9241.5,-76.0,-9.5
2020-05-23 14:07:00,9237.5,-75.0,-10.0
2020-05-23 14:08:00,9240.5,-75.0,-10.0
2020-05-23 14:09:00,9244.5,-75.5,-7.0
2020-05-23 14:10:00,9244.5,-75.0,-11.5
2020-05-23 14:11:00,9241.5,-75.5,-12.5
2020-05-23 14:12:00,9241.5,-75.5,-12.5
2020-05-23 14:13:00,9240.5,-75.5,-13.0
2020-05-23 14:14:00,9230.5,-72.5,-11.5
2020-05-23 14:15:00,9229.5,-73.5,-6.5
2020-05-23 14:16:00,9229.5,-74.0,-6.5
2020-05-23 14:17:00,9238.0,-75.5,-6.5
2020-05-23 14:18:00,9238.5,-74.5,-9.5
2020-05-23 14:19:00,9238.5,-75.0,-9.5
2020-05-23 14:20:00,9238.5,-74.5,-9.5
2020-05-23 14:21:00,9229.5,-73.0,-11.5
2020-05-23 14:22:00,9235.5,-72.5,-8.0
2020-05-23 14:23:00,9239.5,-75.0,-10.5
2020-05-23 14:24:00,9238.5,-73.5,-11.5
2020-05-23 14:25:00,9241.5,-78.5,-10.5
2020-05-23 14:26:00,9239.5,-77.5,-12.5
2020-05-23 14:27:00,9242.5,-75.5,-9.5
2020-05-23 14:28:00,9242.5,-76.5,-9.5
2020-05-23 14:29:00,9242.5,-77.5,-9.5
2020-05-23 14:30:00,9227.5,-72.5,-12.5
2020-05-23 14:31:00,9229.5,-75.5,-11.0
2020-05-23 14:32:00,9233.5,-74.5,-13.0
2020-05-23 14:33:00,9230.5,-74.0,-10.5
2020-05-23 14:34:00,9230.5,-73.5,-9.0
2020-05-23 14:35:00,9235.5,-76.0,-8.5
2020-05-23 14:36:00,9235.5,-76.5,-8.5
2020-05-23 14:37:00,9232.5,-76.5,-10.5
2020-05-23 14:38:00,9230.5,-77.5,-12.5
2020-05-23 14:39:00,9232.5,-77.5,-10.5
2020-05-23 14:40:00,9237.5,-78.0,-9.5
2020-05-23 14:41:00,9239.5,-78.0,-10.0
2020-05-23 14:42:00,9239.5,-78.0,-10.0
2020-05-23 14:43:00,9239.5,-75.5,-10.0
2020-05-23 14:44:00,9245.5,-76.5,-10.0
2020-05-23 14:45:00,9241.5,-76.5,-8.5
2020-05-23 14:46:00,9241.5,-76.5,-10.5
2020-05-23 14:47:00,9240.5,-78.5,-11.5
2020-05-23 14:48:00,9241.5,-78.5,-11.0
2020-05-23 14:49:00,9241.5,-80.5,-11.0
2020-05-23 14:50:00,9242.5,-79.5,-11.5
2020-05-23 14:51:00,9239.5,-78.5,-18.5
2020-05-23 14:52:00,9241.5,-82.0,-16.5
2020-05-23 14:53:00,9248.5,-80.0,-15.0
2020-05-23 14:54:00,9248.5,-81.0,-15.0
2020-05-23 14:55:00,9249.5,-78.5,-14.0
2020-05-23 14:56:00,9244.5,-76.5,-14.0
2020-05-23 14:57:00,9244.5,-79.5,-14.0
2020-05-23 14:58:00,9244.5,-77.5,-14.0
2020-05-23 14:59:00,9244.5,-79.5,-14.0
2020-05-23 15:00:00,9244.5,-81.0,-14.0
2020-05-23 15:01:00,9244.5,-79.5,-11.5
2020-05-23 15:02:00,9244.5,-73.5,-10.5
2020-05-23 15:03:00,9244.5,-75.0,-10.5
2020-05-23 15:04:00,9238.5,-75.5,-11.5
2020-05-23 15:05:00,9234.5,-76.5,-12.0
2020-05-23 15:06:00,9234.5,-76.5,-12.0
2020-05-23 15:07:00,9233.5,-77.5,-13.0
2020-05-23 15:08:00,9236.5,-78.5,-10.0
2020-05-23 15:09:00,9239.5,-78.0,-12.5
2020-05-23 15:10:00,9239.5,-78.0,-12.5
2020-05-23 15:11:00,9235.5,-78.5,-16.5
2020-05-23 15:12:00,9235.5,-78.5,-16.5
2020-05-23 15:13:00,9235.5,-75.5,-16.5
2020-05-23 15:14:00,9233.5,-73.5,-13.0
2020-05-23 15:15:00,9230.5,-71.5,-12.5
2020-05-23 15:16:00,9237.5,-76.5,-10.0
2020-05-23 15:17:00,9236.5,-74.0,-11.0
2020-05-23 15:18:00,9234.5,-75.5,-13.0
2020-05-23 15:19:00,9240.5,-75.5,-8.0
2020-05-23 15:20:00,9251.5,-78.0,-13.5
2020-05-23 15:21:00,9251.5,-82.0,-14.0
2020-05-23 15:22:00,9254.5,-78.5,-13.5
2020-05-23 15:23:00,9253.5,-77.5,-14.5
2020-05-23 15:24:00,9253.5,-77.0,-14.5
2020-05-23 15:25:00,9253.5,-76.5,-14.5
2020-05-23 15:26:00,9253.5,-78.5,-14.5
2020-05-23 15:27:00,9257.5,-80.0,-13.0
2020-05-23 15:28:00,9256.5,-78.0,-15.0
2020-05-23 15:29:00,9248.5,-76.5,-13.5
2020-05-23 15:30:00,9251.5,-78.0,-15.0
2020-05-23 15:31:00,9254.5,-78.0,-12.0
2020-05-23 15:32:00,9254.5,-75.5,-12.0
2020-05-23 15:33:00,9250.5,-77.0,-16.0
2020-05-23 15:34:00,9249.5,-76.0,-17.0
2020-05-23 15:35:00,9255.5,-78.5,-15.5
2020-05-23 15:36:00,9255.5,-77.5,-15.5
2020-05-23 15:37:00,9259.5,-76.5,-11.5
2020-05-23 15:38:00,9259.5,-78.0,-11.5
2020-05-23 15:39:00,9259.5,-80.5,-12.5
2020-05-23 15:40:00,9261.5,-79.5,-17.5
2020-05-23 15:41:00,9256.5,-78.5,-14.0
2020-05-23 15:42:00,9254.5,-77.0,-13.5
2020-05-23 15:43:00,9254.5,-79.5,-12.0
2020-05-23 15:44:00,9254.5,-81.5,-14.5
2020-05-23 15:45:00,9262.5,-78.5,-14.0
2020-05-23 15:46:00,9263.5,-79.5,-13.0
2020-05-23 15:47:00,9263.5,-81.5,-19.0
2020-05-23 15:48:00,9265.5,-80.5,-17.5
2020-05-23 15:49:00,9272.5,-79.5,-12.0
2020-05-23 15:50:00,9269.5,-80.5,-19.0
2020-05-23 15:51:00,9267.5,-78.5,-16.5
2020-05-23 15:52:00,9266.5,-76.5,-14.5
2020-05-23 15:53:00,9266.5,-76.5,-14.5
2020-05-23 15:54:00,9256.5,-79.0,-16.0
2020-05-23 15:55:00,9256.5,-76.0,-16.0
2020-05-23 15:56:00,9256.5,-76.0,-16.0
2020-05-23 15:57:00,9256.5,-76.0,-14.5
2020-05-23 15:58:00,9256.5,-76.0,-14.5
2020-05-23 15:59:00,9260.5,-79.0,-16.0
2020-05-23 16:00:00,9260.5,-76.5,-16.0
2020-05-23 16:01:00,9247.5,-79.5,-17.5
2020-05-23 16:02:00,9244.5,-81.5,-17.5
2020-05-23 16:03:00,9240.5,-77.5,-14.5
2020-05-23 16:04:00,9237.5,-75.0,-12.5
2020-05-23 16:05:00,9234.5,-73.0,-11.5
2020-05-23 16:06:00,9237.5,-75.5,-12.5
2020-05-23 16:07:00,9235.5,-72.0,-12.5
2020-05-23 16:08:00,9229.5,-73.5,-10.5
2020-05-23 16:09:00,9221.5,-67.0,-4.5
2020-05-23 16:10:00,9208.5,-70.5,2.5
2020-05-23 16:11:00,9212.5,-72.5,-9.0
2020-05-23 16:12:00,9201.5,-71.5,-6.5
2020-05-23 16:13:00,9193.5,-67.5,-7.0
2020-05-23 16:14:00,9201.5,-72.0,-5.0
2020-05-23 16:15:00,9201.5,-71.0,-4.0
2020-05-23 16:16:00,9194.5,-70.5,-2.0
2020-05-23 16:17:00,9194.5,-72.0,-5.0
2020-05-23 16:18:00,9202.5,-75.0,-9.0
2020-05-23 16:19:00,9206.5,-75.0,-8.5
2020-05-23 16:20:00,9203.5,-73.5,-9.5
2020-05-23 16:21:00,9186.5,-73.5,-13.5
2020-05-23 16:22:00,9192.5,-70.0,-6.0
2020-05-23 16:23:00,9185.5,-75.0,-10.0
2020-05-23 16:24:00,9191.5,-76.0,-8.0
2020-05-23 16:25:00,9191.5,-75.0,-8.0
2020-05-23 16:26:00,9189.5,-75.5,-6.0
2020-05-23 16:27:00,9186.5,-71.0,-2.0
2020-05-23 16:28:00,9172.5,-70.0,-1.0
2020-05-23 16:29:00,9177.5,-74.5,-3.0
2020-05-23 16:30:00,9179.5,-70.5,-5.5
2020-05-23 16:31:00,9187.5,-71.0,0.0
2020-05-23 16:32:00,9191.5,-74.0,-6.5
2020-05-23 16:33:00,9192.5,-70.0,-6.0
2020-05-23 16:34:00,9193.5,-72.5,-5.5
2020-05-23 16:35:00,9191.5,-74.0,-7.5
2020-05-23 16:36:00,9191.5,-70.5,-7.5
2020-05-23 16:37:00,9190.5,-70.5,-8.5
2020-05-23 16:38:00,9180.5,-70.0,-6.0
2020-05-23 16:39:00,9193.5,-73.0,-8.0
2020-05-23 16:40:00,9190.5,-71.0,-8.5
2020-05-23 16:41:00,9191.5,-67.0,-4.0
2020-05-23 16:42:00,9188.5,-67.0,-4.0
2020-05-23 16:43:00,9193.5,-68.0,-4.5
2020-05-23 16:44:00,9199.5,-72.0,-7.0
2020-05-23 16:45:00,9197.5,-71.0,-9.0
2020-05-23 16:46:00,9203.5,-74.5,-9.0
2020-05-23 16:47:00,9199.5,-74.5,-10.5
2020-05-23 16:48:00,9206.5,-71.5,-8.0
2020-05-23 16:49:00,9204.5,-75.5,-11.0
2020-05-23 16:50:00,9211.5,-74.5,-10.5
2020-05-23 16:51:00,9212.5,-74.0,-11.5
2020-05-23 16:52:00,9208.5,-79.5,-15.5
2020-05-23 16:53:00,9210.5,-79.5,-13.5
2020-05-23 16:54:00,9208.5,-78.5,-15.5
2020-05-23 16:55:00,9208.5,-78.0,-15.5
2020-05-23 16:56:00,9202.5,-77.5,-19.5
2020-05-23 16:57:00,9202.5,-79.0,-15.5
2020-05-23 16:58:00,9202.5,-76.0,-15.5
2020-05-23 16:59:00,9196.5,-78.5,-16.5
2020-05-23 17:00:00,9192.5,-77.5,-16.0
2020-05-23 17:01:00,9192.5,-75.0,-16.0
2020-05-23 17:02:00,9189.5,-75.0,-14.0
2020-05-23 17:03:00,9191.5,-79.0,-15.5
2020-05-23 17:04:00,9172.5,-79.0,-22.0
2020-05-23 17:05:00,9177.5,-80.0,-19.5
2020-05-23 17:06:00,9179.5,-78.5,-17.5
2020-05-23 17:07:00,9173.5,-80.5,-21.0
2020-05-23 17:08:00,9175.5,-81.0,-21.0
2020-05-23 17:09:00,9170.5,-78.5,-21.5
2020-05-23 17:10:00,9169.5,-78.5,-21.0
2020-05-23 17:11:00,9171.5,-78.5,-16.5
2020-05-23 17:12:00,9171.5,-77.0,-16.5
2020-05-23 17:13:00,9169.5,-75.0,-17.0
2020-05-23 17:14:00,9164.5,-78.0,-21.0
2020-05-23 17:15:00,9175.5,-80.0,-14.0
2020-05-23 17:16:00,9179.5,-83.0,-23.0
2020-05-23 17:17:00,9184.5,-82.5,-22.5
2020-05-23 17:18:00,9184.5,-81.5,-22.5
2020-05-23 17:19:00,9184.5,-80.5,-22.0
2020-05-23 17:20:00,9181.5,-84.0,-25.0
2020-05-23 17:21:00,9180.5,-79.5,-26.0
2020-05-23 17:22:00,9176.5,-79.5,-24.0
2020-05-23 17:23:00,9183.5,-82.5,-23.5
2020-05-23 17:24:00,9194.5,-78.5,-18.5
2020-05-23 17:25:00,9194.5,-82.5,-20.5
2020-05-23 17:26:00,9192.5,-83.5,-22.5
2020-05-23 17:27:00,9193.5,-81.5,-21.5
2020-05-23 17:28:00,9192.5,-79.5,-22.5
2020-05-23 17:29:00,9189.5,-82.0,-21.5
2020-05-23 17:30:00,9192.5,-81.0,-19.0
2020-05-23 17:31:00,9190.5,-79.5,-21.0
2020-05-23 17:32:00,9186.5,-79.0,-21.0
2020-05-23 17:33:00,9190.5,-83.5,-20.5
2020-05-23 17:34:00,9190.5,-82.5,-20.5
2020-05-23 17:35:00,9197.5,-84.5,-25.5
2020-05-23 17:36:00,9194.5,-82.0,-23.5
2020-05-23 17:37:00,9194.5,-82.0,-23.5
2020-05-23 17:38:00,9197.5,-86.0,-24.0
2020-05-23 17:39:00,9197.5,-83.5,-24.0
2020-05-23 17:40:00,9197.5,-83.0,-22.5
2020-05-23 17:41:00,9197.5,-80.5,-21.0
2020-05-23 17:42:00,9194.5,-77.5,-19.5
2020-05-23 17:43:00,9189.5,-79.5,-22.0
2020-05-23 17:44:00,9181.5,-79.5,-20.0
2020-05-23 17:45:00,9181.5,-81.5,-18.0
2020-05-23 17:46:00,9181.5,-76.5,-16.0
2020-05-23 17:47:00,9178.5,-79.5,-18.5
2020-05-23 17:48:00,9178.5,-78.5,-18.0
2020-05-23 17:49:00,9183.5,-80.5,-17.0
2020-05-23 17:50:00,9183.5,-80.0,-17.0
2020-05-23 17:51:00,9183.5,-80.5,-17.0
2020-05-23 17:52:00,9180.5,-80.0,-17.5
2020-05-23 17:53:00,9180.5,-76.5,-17.5
2020-05-23 17:54:00,9173.5,-75.5,-16.5
2020-05-23 17:55:00,9166.5,-79.5,-17.5
2020-05-23 17:56:00,9163.5,-72.0,-15.0
2020-05-23 17:57:00,9160.0,-77.5,-18.0
2020-05-23 17:58:00,9132.0,-78.5,-13.0
2020-05-23 17:59:00,9140.5,-77.5,-16.0
2020-05-23 18:00:00,9140.5,-77.5,-16.5
2020-05-23 18:01:00,9133.5,-75.5,-16.0
2020-05-23 18:02:00,9143.5,-76.0,-14.0
2020-05-23 18:03:00,9143.5,-78.5,-14.5
2020-05-23 18:04:00,9150.5,-76.5,-12.0
2020-05-23 18:05:00,9133.5,-78.5,-17.5
2020-05-23 18:06:00,9124.5,-78.0,-17.5
2020-05-23 18:07:00,9116.5,-72.0,-13.5
2020-05-23 18:08:00,9111.5,-73.0,-14.0
2020-05-23 18:09:00,9126.5,-74.0,-11.0
2020-05-23 18:10:00,9126.5,-75.5,-11.0
2020-05-23 18:11:00,9113.5,-73.5,-13.5
2020-05-23 18:12:00,9111.5,-73.0,-7.5
2020-05-23 18:13:00,9115.0,-71.5,-4.0
2020-05-23 18:14:00,9121.5,-71.0,-6.5
2020-05-23 18:15:00,9124.5,-75.5,-11.0
2020-05-23 18:16:00,9124.5,-73.0,-11.0
2020-05-23 18:17:00,9131.5,-74.0,-9.5
2020-05-23 18:18:00,9133.5,-70.0,-9.0
2020-05-23 18:19:00,9135.5,-73.5,-11.0
2020-05-23 18:20:00,9135.5,-69.0,-10.5
2020-05-23 18:21:00,9125.5,-68.0,-7.5
2020-05-23 18:22:00,9125.5,-65.0,-5.5
2020-05-23 18:23:00,9117.5,-67.0,-9.5
2020-05-23 18:24:00,9120.5,-69.5,-9.5
2020-05-23 18:25:00,9128.5,-69.0,-6.0
2020-05-23 18:26:00,9129.5,-71.0,-10.0
2020-05-23 18:27:00,9134.5,-69.0,-8.0
2020-05-23 18:28:00,9124.5,-72.0,-10.0
2020-05-23 18:29:00,9124.5,-72.0,-10.0
2020-05-23 18:30:00,9118.5,-70.5,-9.5
2020-05-23 18:31:00,9111.5,-65.5,-6.0
2020-05-23 18:32:00,9114.5,-72.0,-9.5
2020-05-23 18:33:00,9116.5,-70.5,-14.0
2020-05-23 18:34:00,9124.5,-73.0,-10.0
2020-05-23 18:35:00,9132.5,-73.5,-11.0
2020-05-23 18:36:00,9134.5,-72.5,-9.0
2020-05-23 18:37:00,9131.5,-72.0,-12.0
2020-05-23 18:38:00,9125.5,-71.0,-11.5
2020-05-23 18:39:00,9125.5,-73.0,-11.5
2020-05-23 18:40:00,9133.5,-70.5,-13.5
2020-05-23 18:41:00,9133.5,-72.0,-10.5
2020-05-23 18:42:00,9135.5,-77.5,-24.5
2020-05-23 18:43:00,9138.5,-74.0,-21.5
2020-05-23 18:44:00,9135.5,-72.5,-24.5
2020-05-23 18:45:00,9132.5,-74.0,-27.5
2020-05-23 18:46:00,9136.5,-74.0,-23.5
2020-05-23 18:47:00,9138.5,-75.0,-21.5
2020-05-23 18:48:00,9140.5,-71.5,-19.5
2020-05-23 18:49:00,9138.5,-73.5,-21.5
2020-05-23 18:50:00,9138.5,-73.5,-21.5
2020-05-23 18:51:00,9139.5,-78.0,-20.5
2020-05-23 18:52:00,9150.5,-71.5,-12.5
2020-05-23 18:53:00,9149.5,-73.0,-18.0
2020-05-23 18:54:00,9142.5,-73.0,-20.5
2020-05-23 18:55:00,9146.5,-70.5,-16.5
2020-05-23 18:56:00,9138.5,-69.5,-21.5
2020-05-23 18:57:00,9146.5,-71.5,-15.0
2020-05-23 18:58:00,9147.5,-72.0,-15.5
2020-05-23 18:59:00,9144.5,-70.5,-18.5
2020-05-23 19:00:00,9140.5,-73.5,-19.5
2020-05-23 19:01:00,9136.5,-73.5,-23.5
2020-05-23 19:02:00,9151.5,-70.5,-15.5
2020-05-23 19:03:00,9164.5,-73.0,-20.5
2020-05-23 19:04:00,9162.5,-72.0,-18.5
2020-05-23 19:05:00,9162.5,-72.5,-18.5
2020-05-23 19:06:00,9162.5,-74.0,-18.5
2020-05-23 19:07:00,9169.5,-72.5,-15.0
2020-05-23 19:08:00,9167.5,-72.5,-17.0
2020-05-23 19:09:00,9160.5,-71.5,-17.5
2020-05-23 19:10:00,9165.5,-72.5,-15.0
2020-05-23 19:11:00,9161.5,-74.5,-19.0
2020-05-23 19:12:00,9161.5,-73.5,-19.0
2020-05-23 19:13:00,9169.5,-72.5,-14.5
2020-05-23 19:14:00,9176.5,-70.5,-13.5
2020-05-23 19:15:00,9173.5,-70.0,-16.5
2020-05-23 19:16:00,9172.5,-71.5,-17.5
2020-05-23 19:17:00,9172.5,-71.5,-18.0
2020-05-23 19:18:00,9179.5,-69.0,-15.0
2020-05-23 19:19:00,9174.5,-72.0,-20.0
2020-05-23 19:20:00,9173.5,-71.5,-21.0
2020-05-23 19:21:00,9169.5,-70.0,-17.0
2020-05-23 19:22:00,9166.5,-72.5,-20.0
2020-05-23 19:23:00,9169.5,-73.5,-19.5
2020-05-23 19:24:00,9166.5,-72.5,-22.5
2020-05-23 19:25:00,9162.5,-72.5,-22.0
2020-05-23 19:26:00,9162.5,-73.0,-22.0
2020-05-23 19:27:00,9165.5,-74.0,-19.0
2020-05-23 19:28:00,9158.5,-73.5,-16.0
2020-05-23 19:29:00,9155.5,-71.5,-19.0
2020-05-23 19:30:00,9158.5,-71.5,-18.0
2020-05-23 19:31:00,9162.5,-69.5,-17.5
2020-05-23 19:32:00,9162.5,-68.0,-17.5
2020-05-23 19:33:00,9154.5,-71.5,-17.0
2020-05-23 19:34:00,9160.5,-71.0,-18.0
2020-05-23 19:35:00,9165.5,-68.5,-14.5
2020-05-23 19:36:00,9168.5,-69.5,-16.5
2020-05-23 19:37:00,9175.5,-70.5,-14.0
2020-05-23 19:38:00,9175.5,-73.5,-14.5
2020-05-23 19:39:00,9175.5,-72.5,-14.5
2020-05-23 19:40:00,9179.5,-74.5,-17.5
2020-05-23 19:41:00,9177.5,-72.5,-17.5
2020-05-23 19:42:00,9183.5,-69.5,-16.0
2020-05-23 19:43:00,9187.5,-75.0,-13.0
2020-05-23 19:44:00,9180.5,-72.0,-20.0
2020-05-23 19:45:00,9184.5,-71.0,-16.0
2020-05-23 19:46:00,9183.5,-71.5,-17.0
2020-05-23 19:47:00,9179.5,-70.5,-21.0
2020-05-23 19:48:00,9175.5,-71.5,-17.0
2020-05-23 19:49:00,9175.5,-71.5,-17.0
2020-05-23 19:50:00,9182.5,-71.5,-17.0
2020-05-23 19:51:00,9184.5,-73.0,-16.0
2020-05-23 19:52:00,9187.5,-74.5,-14.0
2020-05-23 19:53:00,9189.5,-72.0,-13.5
2020-05-23 19:54:00,9189.5,-75.5,-16.0
2020-05-23 19:55:00,9189.5,-76.0,-20.0
2020-05-23 19:56:00,9191.5,-71.5,-20.0
2020-05-23 19:57:00,9186.5,-77.5,-20.0
2020-05-23 19:58:00,9187.5,-77.0,-20.0
2020-05-23 19:59:00,9181.5,-74.0,-17.5
2020-05-23 20:00:00,9181.5,-74.5,-17.5
2020-05-23 20:01:00,9174.5,-74.5,-18.5
2020-05-23 20:02:00,9173.5,-77.0,-19.5
2020-05-23 20:03:00,9175.5,-74.0,-17.5
2020-05-23 20:04:00,9168.5,-76.0,-23.5
2020-05-23 20:05:00,9168.5,-72.0,-22.0
2020-05-23 20:06:00,9170.0,-73.5,-20.5
2020-05-23 20:07:00,9170.5,-71.0,-20.0
2020-05-23 20:08:00,9169.5,-73.5,-21.5
2020-05-23 20:09:00,9169.5,-72.0,-21.5
2020-05-23 20:10:00,9169.5,-71.0,-21.5
2020-05-23 20:11:00,9169.5,-69.0,-21.5
2020-05-23 20:12:00,9160.5,-70.0,-23.5
2020-05-23 20:13:00,9153.5,-73.0,-25.0
2020-05-23 20:14:00,9157.5,-73.0,-19.5
2020-05-23 20:15:00,9160.5,-73.5,-22.0
2020-05-23 20:16:00,9161.5,-71.0,-20.5
2020-05-23 20:17:00,9163.5,-72.5,-18.5
2020-05-23 20:18:00,9169.5,-74.0,-19.0
2020-05-23 20:19:00,9167.0,-75.0,-21.5
2020-05-23 20:20:00,9160.5,-74.0,-23.5
2020-05-23 20:21:00,9154.5,-70.0,-21.0
2020-05-23 20:22:00,9124.5,-80.0,-23.5
2020-05-23 20:23:00,9124.5,-80.5,-21.5
2020-05-23 20:24:00,9112.5,-73.0,-15.5
2020-05-23 20:25:00,9116.5,-74.0,-16.5
2020-05-23 20:26:00,9116.5,-75.5,-21.5
2020-05-23 20:27:00,9115.5,-79.5,-21.5
2020-05-23 20:28:00,9117.5,-80.5,-24.0
2020-05-23 20:29:00,9125.5,-75.0,-18.0
2020-05-23 20:30:00,9125.5,-75.0,-16.0
2020-05-23 20:31:00,9114.5,-73.0,-17.5
2020-05-23 20:32:00,9086.5,-72.5,-20.5
2020-05-23 20:33:00,9093.5,-72.5,-20.5
2020-05-23 20:34:00,9105.5,-77.5,-21.5
2020-05-23 20:35:00,9103.5,-73.5,-18.5
2020-05-23 20:36:00,9100.5,-74.5,-19.0
2020-05-23 20:37:00,9106.5,-76.0,-20.0
2020-05-23 20:38:00,9112.5,-72.5,-17.0
2020-05-23 20:39:00,9119.5,-73.5,-20.0
2020-05-23 20:40:00,9119.5,-74.0,-17.5
2020-05-23 20:41:00,9116.5,-72.5,-20.0
2020-05-23 20:42:00,9128.5,-77.0,-16.0
2020-05-23 20:43:00,9128.5,-74.0,-16.0
2020-05-23 20:44:00,9137.5,-75.0,-18.5
2020-05-23 20:45:00,9135.5,-74.5,-20.5
2020-05-23 20:46:00,9146.5,-76.5,-18.0
2020-05-23 20:47:00,9138.5,-75.0,-22.0
2020-05-23 20:48:00,9131.5,-75.0,-20.0
2020-05-23 20:49:00,9139.5,-76.5,-20.0
2020-05-23 20:50:00,9139.5,-77.5,-20.0
2020-05-23 20:51:00,9137.5,-75.0,-22.0
2020-05-23 20:52:00,9137.5,-77.0,-22.0
2020-05-23 20:53:00,9136.5,-75.5,-23.0
2020-05-23 20:54:00,9137.5,-76.0,-22.0
2020-05-23 20:55:00,9128.5,-74.5,-25.0
2020-05-23 20:56:00,9123.5,-79.0,-23.5
2020-05-23 20:57:00,9123.5,-79.5,-23.5
2020-05-23 20:58:00,9122.5,-80.0,-24.5
2020-05-23 20:59:00,9129.5,-76.0,-20.0
2020-05-23 21:00:00,9129.5,-77.0,-20.0
2020-05-23 21:01:00,9125.5,-77.0,-20.5
2020-05-23 21:02:00,9123.5,-74.5,-21.0
2020-05-23 21:03:00,9115.5,-74.0,-20.5
2020-05-23 21:04:00,9114.5,-75.5,-21.5
2020-05-23 21:05:00,9122.5,-75.5,-20.5
2020-05-23 21:06:00,9124.5,-80.5,-23.5
2020-05-23 21:07:00,9138.5,-76.0,-21.0
2020-05-23 21:08:00,9146.5,-81.0,-20.5
2020-05-23 21:09:00,9141.5,-80.5,-23.0
2020-05-23 21:10:00,9154.5,-79.0,-23.5
2020-05-23 21:11:00,9157.5,-82.5,-26.0
2020-05-23 21:12:00,9153.5,-84.0,-25.0
2020-05-23 21:13:00,9153.5,-81.5,-25.0
2020-05-23 21:14:00,9149.5,-82.0,-27.5
2020-05-23 21:15:00,9148.5,-82.5,-28.5
2020-05-23 21:16:00,9152.5,-84.5,-24.5
2020-05-23 21:17:00,9156.5,-87.5,-28.0
2020-05-23 21:18:00,9157.5,-87.5,-27.5
2020-05-23 21:19:00,9157.5,-84.5,-29.0
2020-05-23 21:20:00,9157.5,-85.0,-29.0
2020-05-23 21:21:00,9159.5,-85.0,-27.5
2020-05-23 21:22:00,9159.5,-88.0,-27.5
2020-05-23 21:23:00,9153.5,-84.5,-27.5
2020-05-23 21:24:00,9152.5,-82.5,-26.0
2020-05-23 21:25:00,9143.5,-88.0,-28.5
2020-05-23 21:26:00,9140.5,-87.0,-29.5
2020-05-23 21:27:00,9140.5,-89.0,-29.5
2020-05-23 21:28:00,9142.5,-89.0,-27.5
2020-05-23 21:29:00,9149.5,-90.0,-29.0
2020-05-23 21:30:00,9145.5,-89.5,-29.5
2020-05-23 21:31:00,9153.5,-88.5,-27.5
2020-05-23 21:32:00,9158.5,-89.0,-27.0
2020-05-23 21:33:00,9162.5,-89.0,-26.0
2020-05-23 21:34:00,9168.5,-88.0,-25.0
2020-05-23 21:35:00,9156.5,-84.5,-28.0
2020-05-23 21:36:00,9157.5,-86.5,-23.0
2020-05-23 21:37:00,9162.5,-83.5,-22.0
2020-05-23 21:38:00,9165.5,-84.5,-22.0
2020-05-23 21:39:00,9167.5,-84.0,-24.5
2020-05-23 21:40:00,9167.5,-84.5,-24.5
2020-05-23 21:41:00,9160.5,-85.0,-26.0
2020-05-23 21:42:00,9155.5,-82.5,-24.5
2020-05-23 21:43:00,9154.5,-83.5,-25.5
2020-05-23 21:44:00,9154.5,-84.0,-25.5
2020-05-23 21:45:00,9154.5,-85.0,-25.5
2020-05-23 21:46:00,9150.5,-81.5,-25.0
2020-05-23 21:47:00,9150.5,-83.5,-25.0
2020-05-23 21:48:00,9150.5,-84.5,-25.0
2020-05-23 21:49:00,9154.5,-86.5,-27.5
2020-05-23 21:50:00,9154.5,-88.5,-27.5
2020-05-23 21:51:00,9153.5,-83.0,-24.0
2020-05-23 21:52:00,9149.5,-85.0,-26.5
2020-05-23 21:53:00,9147.5,-84.5,-28.0
2020-05-23 21:54:00,9155.5,-82.5,-24.5
2020-05-23 21:55:00,9153.5,-86.5,-26.5
2020-05-23 21:56:00,9153.5,-86.0,-26.5
2020-05-23 21:57:00,9152.5,-87.5,-26.0
2020-05-23 21:58:00,9156.5,-84.0,-25.0
2020-05-23 21:59:00,9151.5,-83.5,-25.5
2020-05-23 22:00:00,9151.5,-81.5,-25.5
2020-05-23 22:01:00,9140.5,-80.0,-25.0
2020-05-23 22:02:00,9145.5,-81.5,-23.0
2020-05-23 22:03:00,9145.5,-83.5,-23.0
2020-05-23 22:04:00,9151.5,-84.5,-23.0
2020-05-23 22:05:00,9154.5,-87.5,-24.0
2020-05-23 22:06:00,9159.5,-89.5,-27.5
2020-05-23 22:07:00,9159.5,-88.0,-27.0
2020-05-23 22:08:00,9166.5,-86.5,-28.0
2020-05-23 22:09:00,9165.5,-87.5,-29.0
2020-05-23 22:10:00,9167.5,-88.0,-27.5
2020-05-23 22:11:00,9162.5,-88.0,-32.0
2020-05-23 22:12:00,9161.5,-87.0,-27.5
2020-05-23 22:13:00,9161.5,-88.0,-27.5
2020-05-23 22:14:00,9161.5,-86.5,-27.5
2020-05-23 22:15:00,9166.5,-89.5,-27.0
2020-05-23 22:16:00,9165.5,-85.5,-28.5
2020-05-23 22:17:00,9156.5,-86.0,-29.5
2020-05-23 22:18:00,9159.5,-84.5,-26.5
2020-05-23 22:19:00,9156.5,-85.0,-29.5
2020-05-23 22:20:00,9156.5,-83.0,-26.0
2020-05-23 22:21:00,9158.5,-85.5,-24.0
2020-05-23 22:22:00,9158.5,-85.0,-24.0
2020-05-23 22:23:00,9162.5,-83.0,-23.5
2020-05-23 22:24:00,9158.5,-85.5,-27.5
2020-05-23 22:25:00,9162.5,-89.0,-27.0
2020-05-23 22:26:00,9162.5,-91.5,-28.5
2020-05-23 22:27:00,9165.5,-89.5,-27.5
2020-05-23 22:28:00,9179.5,-88.0,-28.0
2020-05-23 22:29:00,9189.5,-92.0,-31.5
2020-05-23 22:30:00,9186.5,-92.0,-32.0
2020-05-23 22:31:00,9182.5,-91.0,-32.0
2020-05-23 22:32:00,9184.5,-91.5,-33.5
2020-05-23 22:33:00,9179.5,-91.5,-33.5
2020-05-23 22:34:00,9182.5,-91.5,-32.5
2020-05-23 22:35:00,9184.5,-92.0,-30.5
2020-05-23 22:36:00,9196.5,-96.0,-31.0
2020-05-23 22:37:00,9204.5,-93.5,-36.0
2020-05-23 22:38:00,9199.5,-93.5,-34.0
2020-05-23 22:39:00,9199.5,-95.5,-34.5
2020-05-23 22:40:00,9198.5,-97.5,-36.5
2020-05-23 22:41:00,9194.5,-96.0,-36.0
2020-05-23 22:42:00,9191.5,-95.5,-35.0
2020-05-23 22:43:00,9200.5,-94.5,-31.5
2020-05-23 22:44:00,9205.5,-96.5,-34.0
2020-05-23 22:45:00,9205.5,-98.0,-37.0
2020-05-23 22:46:00,9208.5,-92.5,-36.0
2020-05-23 22:47:00,9195.5,-96.0,-35.0
2020-05-23 22:48:00,9203.5,-93.5,-34.0
2020-05-23 22:49:00,9195.5,-93.5,-39.0
2020-05-23 22:50:00,9195.5,-95.5,-39.0
2020-05-23 22:51:00,9199.5,-96.5,-35.0
2020-05-23 22:52:00,9198.5,-96.5,-36.0
2020-05-23 22:53:00,9194.5,-99.0,-38.5
2020-05-23 22:54:00,9192.5,-96.0,-39.5
2020-05-23 22:55:00,9192.5,-99.0,-38.0
2020-05-23 22:56:00,9188.5,-95.5,-38.0
2020-05-23 22:57:00,9191.5,-95.5,-31.5
2020-05-23 22:58:00,9192.5,-93.0,-30.5
2020-05-23 22:59:00,9192.5,-93.5,-30.5
2020-05-23 23:00:00,9192.5,-94.5,-30.5
2020-05-23 23:01:00,9195.5,-96.0,-35.0
2020-05-23 23:02:00,9196.5,-101.0,-39.5
2020-05-23 23:03:00,9196.5,-94.0,-36.5
2020-05-23 23:04:00,9192.5,-95.5,-38.5
2020-05-23 23:05:00,9191.5,-92.0,-39.0
2020-05-23 23:06:00,9192.5,-92.5,-36.5
2020-05-23 23:07:00,9190.5,-89.5,-33.5
2020-05-23 23:08:00,9188.5,-93.5,-34.0
2020-05-23 23:09:00,9188.5,-93.5,-34.0
2020-05-23 23:10:00,9188.5,-90.0,-32.5
2020-05-23 23:11:00,9188.5,-89.5,-32.5
2020-05-23 23:12:00,9188.5,-89.0,-32.5
2020-05-23 23:13:00,9188.5,-88.5,-32.5
2020-05-23 23:14:00,9189.5,-94.5,-34.0
2020-05-23 23:15:00,9196.5,-93.5,-32.5
2020-05-23 23:16:00,9202.5,-94.5,-30.5
2020-05-23 23:17:00,9200.5,-94.0,-32.5
2020-05-23 23:18:00,9191.5,-93.5,-35.0
2020-05-23 23:19:00,9188.5,-92.5,-35.0
2020-05-23 23:20:00,9182.5,-87.5,-36.5
2020-05-23 23:21:00,9176.5,-89.5,-31.5
2020-05-23 23:22:00,9180.5,-90.5,-29.0
2020-05-23 23:23:00,9180.5,-90.5,-29.5
2020-05-23 23:24:00,9180.5,-89.0,-29.5
2020-05-23 23:25:00,9175.5,-89.0,-34.5
2020-05-23 23:26:00,9173.5,-90.0,-31.5
2020-05-23 23:27:00,9182.5,-91.0,-30.0
2020-05-23 23:28:00,9175.5,-91.5,-33.0
2020-05-23 23:29:00,9183.5,-90.0,-29.0
2020-05-23 23:30:00,9183.5,-90.5,-29.5
2020-05-23 23:31:00,9173.5,-91.0,-29.5
2020-05-23 23:32:00,9172.5,-90.5,-30.5
2020-05-23 23:33:00,9174.5,-91.0,-28.5
2020-05-23 23:34:00,9167.5,-88.0,-27.5
2020-05-23 23:35:00,9171.5,-89.0,-27.5
2020-05-23 23:36:00,9167.5,-89.5,-31.5
2020-05-23 23:37:00,9172.5,-90.5,-30.5
2020-05-23 23:38:00,9172.5,-88.5,-30.5
2020-05-23 23:39:00,9172.5,-90.5,-30.5
2020-05-23 23:40:00,9172.5,-88.5,-29.5
2020-05-23 23:41:00,9172.5,-91.5,-29.5
2020-05-23 23:42:00,9172.5,-91.5,-29.5
2020-05-23 23:43:00,9178.5,-89.0,-23.5
2020-05-23 23:44:00,9178.5,-90.0,-23.5
2020-05-23 23:45:00,9177.5,-89.0,-24.5
2020-05-23 23:46:00,9175.5,-88.5,-26.5
2020-05-23 23:47:00,9166.5,-89.5,-31.5
2020-05-23 23:48:00,9164.5,-88.5,-29.5
2020-05-23 23:49:00,9165.5,-86.5,-28.5
2020-05-23 23:50:00,9165.5,-87.0,-26.5
2020-05-23 23:51:00,9166.5,-89.5,-28.0
2020-05-23 23:52:00,9166.5,-86.0,-27.5
2020-05-23 23:53:00,9164.5,-86.5,-29.5
2020-05-23 23:54:00,9164.5,-87.5,-29.5
2020-05-23 23:55:00,9179.5,-85.5,-23.5
2020-05-23 23:56:00,9176.5,-87.0,-26.5
2020-05-23 23:57:00,9176.5,-87.5,-26.5
2020-05-23 23:58:00,9174.5,-88.5,-28.5
2020-05-23 23:59:00,9181.5,-92.0,-21.5
